rgb_frame,thermal_frame,rgb_box_index,thermal_box_index,rgb_center_x_norm,rgb_center_y_norm,thermal_center_x_norm,thermal_center_y_norm,center_displacement_norm,width_difference_norm,height_difference_norm,class_id
0,1,0,0,0.411328,0.386806,0.337406,0.358465,0.0791686450875598,0.015625,0.020833000000000004,0
0,1,1,3,0.683594,0.3625,0.768359,0.323611,0.09326017127370073,0.022657000000000004,0.005555000000000004,0
0,1,2,1,0.450391,0.489583,0.400781,0.468056,0.0540792365793009,0.021094,0.012500000000000011,0
0,1,3,2,0.547656,0.682639,0.55,0.667361,0.015456766155959029,0.009374999999999998,0.033333,0
1,2,0,0,0.415515,0.388212,0.342875,0.359854,0.07797913672258756,0.015625,0.020833000000000004,0
1,2,1,1,0.450863,0.500469,0.400781,0.468056,0.05965575657889189,0.021094,0.012500000000000011,0
1,2,2,2,0.546379,0.669301,0.55625,0.654861,0.017491433360362487,0.009374999999999998,0.033333,0
1,2,3,3,0.683594,0.366667,0.768359,0.323611,0.0950732578646593,0.022657000000000004,0.013888999999999992,0
2,3,0,0,0.413437,0.387141,0.342875,0.359854,0.07565432051773384,0.015625,0.020833000000000004,0
2,3,1,1,0.446687,0.499467,0.400781,0.468056,0.0556238416238936,0.021094,0.012500000000000011,0
2,3,2,2,0.548119,0.654355,0.557031,0.640972,0.016078819390738908,0.009374999999999998,0.033333,0
2,3,3,3,0.685394,0.372898,0.768359,0.323611,0.09650077509533285,0.022657000000000004,0.013888999999999992,0
3,4,0,0,0.417142,0.387879,0.348344,0.358465,0.07482211036852678,0.015625,0.020833000000000004,0
3,4,1,2,0.447806,0.497912,0.391406,0.477083,0.06012326705194922,0.008593999999999997,0.002776999999999988,0
3,4,2,3,0.5476,0.634763,0.539453,0.619444,0.017350659065292,0.032031000000000004,0.020833000000000004,0
3,4,3,1,0.685965,0.364693,0.760547,0.326389,0.08384313412557995,0.022657000000000004,0.013888999999999992,0
4,5,0,0,0.421577,0.394897,0.356156,0.365409,0.07175966405300405,0.015625,0.020833000000000004,0
4,5,1,3,0.535542,0.618151,0.535547,0.602778,0.01537300081311385,0.032031000000000004,0.020833000000000004,0
4,5,2,1,0.673828,0.359722,0.743359,0.334722,0.07388883515795874,0.026563000000000003,0.0027779999999999958,0
4,5,3,2,0.445703,0.497917,0.400781,0.479861,0.048414927656663935,0.011719,0.016667000000000008,0
5,6,0,3,0.52699,0.602102,0.513672,0.575694,0.02957619968826282,0.021093999999999998,0.016667,0
5,6,1,0,0.661725,0.362533,0.721484,0.340278,0.06376851186910354,0.026563000000000003,0.0027779999999999958,0
5,6,2,2,0.431698,0.401483,0.410937,0.466667,0.06841032799950607,0.0039059999999999997,0.006944000000000006,0
5,6,3,1,0.451562,0.492361,0.36875,0.371528,0.1464870002184494,0.004688000000000001,0.0027780000000000027,0
6,7,0,2,0.518396,0.581269,0.497656,0.555556,0.03303492044791388,0.0125,0.004166999999999997,0
6,7,1,3,0.648444,0.373644,0.700781,0.347917,0.05831843703324015,0.013282000000000002,0.018055,0
6,7,2,0,0.431698,0.401483,0.379127,0.375943,0.058446570823274153,0.002344000000000006,0.0027780000000000027,0
6,7,3,1,0.458593,0.486805,0.420274,0.46869,0.042385126943304055,0.006249999999999995,0.006944000000000006,0
7,8,0,2,0.507459,0.560435,0.482812,0.538889,0.03273690157910491,0.0125,0.004166999999999997,0
7,8,1,0,0.443417,0.404261,0.392408,0.380109,0.05643790556886393,0.002344000000000006,0.0027780000000000027,0
7,8,2,1,0.464062,0.484028,0.429649,0.467301,0.03826286839744242,0.006249999999999995,0.006944000000000006,0
7,8,3,3,0.634766,0.379167,0.683594,0.353472,0.05517614166467239,0.022657,0.0013889999999999944,0
8,9,0,0,0.493396,0.546546,0.465371,0.519177,0.03917221956948572,0.0125,0.004166999999999997,0
8,9,1,1,0.470312,0.485417,0.430469,0.454861,0.05021089309104151,0.0031249999999999993,0.008333,0
8,9,2,3,0.623828,0.3875,0.669141,0.357639,0.054267368556066876,0.015625000000000003,0.0013890000000000013,0
8,9,3,2,0.444141,0.408333,0.392188,0.379167,0.05957994431853729,0.007030999999999999,0.0027780000000000027,0
9,10,0,3,0.615234,0.384722,0.649219,0.338889,0.05705825193606972,0.010156000000000002,0.0,0
9,10,1,1,0.444141,0.408333,0.431797,0.45203,0.04540707153076489,0.008593,0.0013880000000000003,0
9,10,2,0,0.485156,0.529861,0.46027,0.499473,0.039277774122269196,0.018750000000000003,0.015278,0
9,10,3,2,0.464844,0.479167,0.391436,0.390809,0.11487328074012683,0.0078119999999999995,0.008333,0
10,11,0,3,0.598828,0.3625,0.611328,0.295833,0.06782874677450554,0.009374999999999998,0.0027769999999999948,0
10,11,1,0,0.445703,0.425,0.428068,0.470827,0.049103025914906714,0.008593,0.0013880000000000003,0
10,11,2,2,0.484375,0.524306,0.45,0.504861,0.03949365328758535,0.015625,0.0027779999999999958,0
10,11,3,1,0.467187,0.483333,0.380607,0.413558,0.11119643440776333,0.0078119999999999995,0.008333,0
11,12,0,3,0.564062,0.317361,0.551172,0.257639,0.06109721257144223,0.011719,0.0027779999999999958,0
11,12,1,1,0.432031,0.464583,0.425781,0.493056,0.029150887276376308,0.0125,0.004166999999999997,0
11,12,2,2,0.465625,0.50625,0.450781,0.516667,0.018134448571710166,0.010937000000000002,0.0013890000000000013,0
11,12,3,0,0.479688,0.536806,0.369922,0.461806,0.13294199771328852,0.013281000000000001,0.008334000000000001,0
12,13,0,3,0.528516,0.294444,0.524609,0.247917,0.04669075259620473,0.007813,0.006945,0
12,13,1,2,0.483594,0.545833,0.452344,0.527778,0.0360907955717244,0.010937000000000002,0.0027770000000000017,0
12,13,2,1,0.469141,0.526389,0.430469,0.511111,0.0415805347247964,0.014844,0.0055559999999999984,0
12,13,3,0,0.432813,0.506944,0.371484,0.495139,0.06245481779654794,0.013281000000000001,0.0013890000000000013,0
13,14,0,2,0.525391,0.297917,0.519922,0.252083,0.04615913254167586,0.004686999999999997,0.0,0
13,14,1,0,0.433594,0.511111,0.428019,0.508377,0.006209297947433352,0.014062000000000002,0.0055559999999999984,0
13,14,2,1,0.469922,0.528472,0.449486,0.525834,0.020605560899912445,0.013281000000000001,0.0013890000000000013,0
13,14,3,3,0.482422,0.545833,0.377734,0.489583,0.1188429208829874,0.014062999999999999,0.015278,0
14,15,0,3,0.525391,0.297917,0.520312,0.253472,0.04473426277474573,0.010155999999999998,0.013888999999999999,0
14,15,1,0,0.433594,0.511111,0.425581,0.505497,0.00978392380387337,0.014062000000000002,0.0055559999999999984,0
14,15,2,1,0.469922,0.528472,0.448562,0.522442,0.022194830479190436,0.013281000000000001,0.0013890000000000013,0
14,15,3,2,0.482422,0.545833,0.381859,0.487518,0.116247822319388,0.014062999999999999,0.015278,0
15,16,0,3,0.525906,0.306138,0.525,0.261806,0.04434125686085142,0.010155999999999998,0.013888999999999999,0
15,16,1,0,0.441584,0.511498,0.438081,0.499942,0.012075269976277968,0.014062000000000002,0.0055559999999999984,0
15,16,2,1,0.47385,0.526689,0.450124,0.526609,0.02372613487275158,0.013281000000000001,0.0013890000000000013,0
15,16,3,2,0.480113,0.544963,0.388109,0.493073,0.10562815967345074,0.014062999999999999,0.015278,0
16,17,0,3,0.528906,0.3125,0.525,0.261806,0.05084425702082784,0.0125,0.018055999999999996,0
16,17,1,0,0.446094,0.50625,0.446675,0.498553,0.007718896941921125,0.014062000000000002,0.006945,0
16,17,2,1,0.476562,0.522917,0.451687,0.523831,0.02489178621553703,0.014063,0.009722000000000001,0
16,17,3,2,0.481641,0.544444,0.398265,0.488907,0.10017941777131671,0.014062999999999999,0.015278,0
17,18,0,3,0.528906,0.317361,0.529688,0.26875,0.04861728956862982,0.0125,0.016666999999999994,0
17,18,1,0,0.449219,0.509722,0.446675,0.498553,0.011455064251238383,0.01875,0.011111,0
17,18,2,1,0.479297,0.521528,0.457156,0.521053,0.02214609459927412,0.013281000000000001,0.009722000000000001,0
17,18,3,2,0.484766,0.543056,0.402953,0.487518,0.09888294298310499,0.010938,0.015278,0
18,19,0,3,0.528906,0.320139,0.528125,0.275694,0.04445186144583825,0.007813,0.0027780000000000027,0
18,19,1,1,0.453906,0.511806,0.460938,0.516667,0.008548587310193456,0.0078119999999999995,0.0125,0
18,19,2,2,0.482031,0.51875,0.453516,0.498611,0.034909662645176066,0.016406999999999998,0.0013890000000000013,0
18,19,3,0,0.484766,0.536806,0.410156,0.490278,0.0879289877344212,0.007030999999999999,0.015278,0
19,20,0,2,0.526563,0.322917,0.528125,0.275694,0.0472488261547311,0.009375000000000001,0.005555000000000004,0
19,20,1,0,0.458203,0.510417,0.460938,0.516667,0.006822222878212031,0.005468000000000001,0.009722999999999999,0
19,20,2,1,0.480078,0.522222,0.453516,0.498611,0.03553898092236184,0.015625,0.0,0
19,20,3,3,0.489453,0.536111,0.41875,0.488889,0.08502253520684973,0.014844000000000001,0.0055559999999999984,0
20,21,0,2,0.530469,0.325694,0.528125,0.275694,0.05005491320539872,0.009375000000000001,0.005555000000000004,0
20,21,1,0,0.460547,0.510417,0.460938,0.516667,0.006262218536589069,0.005468000000000001,0.009722999999999999,0
20,21,2,1,0.484766,0.519444,0.453516,0.498611,0.037557640887041874,0.015625,0.0,0
20,21,3,3,0.489453,0.534722,0.421094,0.490278,0.08153662990950757,0.014844000000000001,0.0055559999999999984,0
21,22,0,3,0.528091,0.328571,0.524609,0.282639,0.04606379215826681,0.0070310000000000025,0.008333,0
21,22,1,0,0.463776,0.51314,0.460091,0.517457,0.005675888829073304,0.005468000000000001,0.009722999999999999,0
21,22,2,1,0.482676,0.524621,0.452647,0.499352,0.03924618710142423,0.015625,0.0,0
21,22,3,2,0.487815,0.539626,0.420749,0.490609,0.08306933637028771,0.014844000000000001,0.0055559999999999984,0
22,23,0,3,0.527859,0.327356,0.521875,0.283333,0.044427837950996425,0.010937000000000002,0.009722000000000001,0
22,23,1,0,0.463566,0.514953,0.458594,0.518364,0.006029569221760384,0.005468000000000001,0.009722999999999999,0
22,23,2,1,0.481284,0.518876,0.451155,0.500347,0.035370616081713956,0.015625,0.0,0
22,23,3,2,0.486328,0.540972,0.422437,0.496625,0.07777349349232036,0.010156000000000002,0.006945,0
23,24,0,3,0.524475,0.330906,0.517969,0.285417,0.045951900472124114,0.012499000000000003,0.008333,0
23,24,1,0,0.461803,0.52064,0.456806,0.519042,0.005246295168974031,0.005468000000000001,0.009722999999999999,0
23,24,2,1,0.478664,0.522815,0.449405,0.501233,0.0363575549920508,0.015625,0.0,0
23,24,3,2,0.484914,0.542996,0.421743,0.497362,0.07792969393626543,0.010156000000000002,0.006945,0
24,25,0,1,0.520656,0.331903,0.447084,0.501721,0.18507023614833368,0.013281000000000001,0.0013889999999999979,0
24,25,1,0,0.461479,0.521056,0.44496,0.520562,0.01652638487389176,0.005468000000000001,0.009722999999999999,0
24,25,2,2,0.476623,0.52546,0.421115,0.496765,0.06248632721643993,0.013281000000000001,0.0027779999999999992,0
25,26,0,3,0.518895,0.331854,0.50625,0.284722,0.04879878532299755,0.014062000000000002,0.004166000000000003,0
25,26,1,2,0.462622,0.519249,0.441406,0.520833,0.021275049048122035,0.008594000000000001,0.006945,0
25,26,2,1,0.473312,0.52601,0.436328,0.502083,0.044049036141554816,0.0078119999999999995,0.0013890000000000013,0
25,26,3,0,0.479983,0.545587,0.420312,0.495139,0.07813852407743573,0.0007810000000000004,0.0,0
26,27,0,3,0.514111,0.32897,0.502734,0.286111,0.0443433197900202,0.011718000000000003,0.004166000000000003,0
26,27,1,2,0.462496,0.519087,0.437109,0.523611,0.025786941365737823,0.006250000000000002,0.006945,0
26,27,2,1,0.469462,0.526274,0.431641,0.508333,0.041860572404113144,0.004687,0.0,0
26,27,3,0,0.474821,0.541975,0.419922,0.495833,0.0717146035685898,0.0015620000000000009,0.009722000000000001,0
27,28,0,3,0.509875,0.331721,0.497656,0.288889,0.0445408148219136,0.006250000000000002,0.004166999999999997,0
27,28,1,2,0.458185,0.519234,0.431641,0.522917,0.026798291456732844,0.0015620000000000009,0.008333999999999998,0
27,28,2,1,0.464155,0.527292,0.424609,0.509028,0.043559841735249634,0.006250000000000002,0.0013890000000000013,0
27,28,3,0,0.472419,0.546934,0.415625,0.49375,0.077808073437144,0.0070310000000000025,0.0055559999999999984,0
28,29,0,3,0.508214,0.332101,0.497656,0.288889,0.04448312385613221,0.006250000000000002,0.004166999999999997,0
28,29,1,2,0.456657,0.515444,0.426172,0.525694,0.03216205411661386,0.0015620000000000009,0.008333999999999998,0
28,29,2,1,0.46345,0.528273,0.420703,0.511806,0.045809039479124625,0.006250000000000002,0.0013890000000000013,0
28,29,3,0,0.468179,0.544131,0.413281,0.497917,0.07176018533978297,0.0070310000000000025,0.0055559999999999984,0
29,30,0,0,0.508214,0.332101,0.491016,0.286806,0.048450059122770936,0.005468000000000001,0.0027770000000000017,0
29,30,1,3,0.456657,0.515444,0.425781,0.524306,0.03212261539787815,0.005468000000000001,0.0027779999999999992,0
29,30,2,2,0.46345,0.528273,0.417969,0.509028,0.049385133248782444,0.005468000000000001,0.0013890000000000013,0
29,30,3,1,0.468179,0.544131,0.407813,0.498611,0.07560505509554241,0.0023430000000000013,0.0013890000000000013,0
30,31,0,0,0.503526,0.334878,0.489618,0.286793,0.05005596556855137,0.005468000000000001,0.0027770000000000017,0
30,31,1,3,0.453532,0.519611,0.425077,0.524297,0.028838266608796032,0.005468000000000001,0.0027779999999999992,0
30,31,2,2,0.461888,0.529662,0.417348,0.509119,0.04904922475432207,0.005468000000000001,0.0013890000000000013,0
30,31,3,1,0.464273,0.546908,0.406974,0.498935,0.07473007513712261,0.0023430000000000013,0.0013890000000000013,0
31,32,0,0,0.502361,0.337179,0.489036,0.286586,0.05231832636849155,0.005468000000000001,0.0027770000000000017,0
31,32,1,3,0.452586,0.521365,0.424605,0.524401,0.02814522440841428,0.005468000000000001,0.0027779999999999992,0
31,32,2,2,0.460655,0.528718,0.41721,0.508893,0.047754566797323116,0.005468000000000001,0.0013890000000000013,0
31,32,3,1,0.463132,0.548773,0.406742,0.497599,0.0761486071835854,0.0023430000000000013,0.0013890000000000013,0
32,33,0,0,0.504847,0.335609,0.488975,0.286113,0.051978595594725334,0.005468000000000001,0.0027770000000000017,0
32,33,1,3,0.453729,0.52334,0.424734,0.523834,0.02899920793745925,0.005468000000000001,0.0027779999999999992,0
32,33,2,2,0.461417,0.530711,0.417152,0.508375,0.04958111657677751,0.005468000000000001,0.0013890000000000013,0
32,33,3,1,0.463363,0.545265,0.406758,0.497552,0.07403145543618606,0.0023430000000000013,0.0013890000000000013,0
33,34,0,0,0.503782,0.334607,0.482031,0.288889,0.05062846556039395,0.006250000000000002,0.004166000000000003,0
33,34,1,3,0.451354,0.521921,0.428516,0.529861,0.024178871851267162,0.0031249999999999993,0.008333999999999998,0
33,34,2,2,0.462228,0.527155,0.421094,0.514583,0.04301233706740429,0.007030999999999999,0.0041659999999999996,0
33,34,3,1,0.467283,0.543298,0.407422,0.505556,0.0707657960105021,0.0015620000000000009,0.0041670000000000006,0
34,35,0,0,0.4875,0.336111,0.435937,0.3,0.06295035575753323,0.010938,0.0,0
34,35,1,3,0.457031,0.540278,0.45,0.547917,0.010382161720951922,0.006250999999999998,0.0013890000000000013,0
34,35,2,2,0.467187,0.540972,0.435156,0.534028,0.03277505296715785,0.004687999999999998,0.013888999999999999,0
34,35,3,1,0.473437,0.554861,0.419141,0.536111,0.05744230249563472,0.003906999999999999,0.009722000000000001,0
35,36,0,0,0.461719,0.355556,0.420703,0.317361,0.056046144211711814,0.0023430000000000013,0.015278,0
35,36,1,3,0.467969,0.565972,0.464453,0.559028,0.007783404910448961,0.005469,0.008333,0
35,36,2,2,0.479688,0.559722,0.452344,0.546528,0.03036076369263461,0.009374999999999998,0.0013889999999999979,0
35,36,3,1,0.4875,0.566667,0.430469,0.550694,0.0592255999547493,0.007812999999999999,0.009722999999999999,0
36,37,0,0,0.463672,0.363194,0.427734,0.332639,0.04717147304250736,0.0031250000000000028,0.008333000000000004,0
36,37,1,3,0.470703,0.573611,0.473047,0.572917,0.0024445801275474735,0.003125000000000001,0.006945,0
36,37,2,2,0.483984,0.566667,0.460156,0.56875,0.02391887273681602,0.007030999999999999,0.006943999999999999,0
36,37,3,1,0.494531,0.573611,0.435156,0.573611,0.05937500000000001,0.007812999999999999,0.008334000000000001,0
37,38,0,0,0.46875,0.386806,0.430859,0.374306,0.039899597504235544,0.0023430000000000013,0.0055559999999999984,0
37,38,1,2,0.473828,0.597917,0.471484,0.602083,0.004780156064397906,0.0125,0.0,0
37,38,2,3,0.489062,0.590278,0.484766,0.613194,0.023315202594015826,0.0039059999999999997,0.0013889999999999979,0
37,38,3,1,0.499609,0.599306,0.444922,0.607639,0.0553182326001112,0.0078119999999999995,0.0027770000000000017,0
38,39,0,0,0.469922,0.429167,0.442187,0.427083,0.027813185380319183,0.002343999999999999,0.006944000000000002,0
38,39,1,2,0.480078,0.638194,0.482422,0.65625,0.018207511416994872,0.00625,0.0,0
38,39,2,3,0.496875,0.635417,0.499219,0.663194,0.02787572537172794,0.0015629999999999984,0.0,0
38,39,3,1,0.507031,0.638194,0.454297,0.654861,0.05530518642044343,0.005469,0.0,0
39,40,0,0,0.476953,0.485417,0.452734,0.491667,0.025012446121881002,0.004687,0.004166999999999997,0
39,40,1,2,0.483594,0.690278,0.492969,0.718056,0.029317365314775537,0.0078119999999999995,0.0027779999999999958,0
39,40,2,3,0.503906,0.690972,0.508984,0.723611,0.033031657618109306,0.000781999999999998,0.0013880000000000003,0
39,40,3,1,0.513672,0.69375,0.458594,0.720139,0.06107344271448926,0.010155999999999998,0.008333000000000004,0
40,41,0,0,0.483594,0.545139,0.464063,0.563194,0.026597800397777226,0.006249999999999999,0.008333000000000004,0
40,41,1,2,0.4875,0.757639,0.501562,0.786806,0.03237983528370708,0.007812999999999999,0.0027780000000000027,0
40,41,2,3,0.509766,0.748611,0.519141,0.793056,0.04542299692886847,0.0046879999999999995,0.0,0
40,41,3,1,0.520703,0.759028,0.465625,0.790972,0.0636710705108686,0.013282,0.005555000000000004,0
41,42,0,0,0.491406,0.609028,0.475391,0.632639,0.02852997627058244,0.0039059999999999997,0.0027780000000000027,0
41,42,1,2,0.491797,0.825,0.515234,0.857639,0.04018205183909857,0.004688000000000001,0.0013890000000000013,0
41,42,2,3,0.516797,0.820139,0.53125,0.859722,0.04213909227783631,0.002343999999999999,0.0013890000000000013,0
41,42,3,1,0.529688,0.823611,0.472656,0.861111,0.06825612810583385,0.009374999999999998,0.0027779999999999958,0
42,43,0,0,0.499609,0.673611,0.497266,0.700694,0.027184159689054292,0.004687,0.009722000000000001,0
42,43,1,1,0.501562,0.892361,0.495703,0.928472,0.03658322295807191,0.008594,0.0055559999999999984,0
42,43,2,2,0.53125,0.884028,0.543359,0.920139,0.03808716584362771,0.0007810000000000004,0.0027770000000000017,0
42,43,3,3,0.542188,0.8875,0.560938,0.920833,0.038244625622432304,0.0046879999999999995,0.005556000000000005,0
43,44,0,0,0.517187,0.725,0.5375,0.747917,0.030623632344971827,0.0031240000000000018,0.006945,0
43,44,1,1,0.524609,0.944444,0.549609,0.972222,0.037371343085310774,0.0015620000000000009,0.0027780000000000027,0
43,44,2,2,0.559375,0.933333,0.601172,0.956944,0.04800488027273903,0.0023440000000000023,0.005556000000000005,0
43,44,3,3,0.571484,0.936111,0.619922,0.958333,0.05329218636911041,0.003125000000000001,0.0027780000000000027,0
44,45,0,2,0.553906,0.759028,0.607031,0.764583,0.05341463891107004,0.0031249999999999993,0.0027779999999999958,0
44,45,1,0,0.577344,0.976389,0.647656,0.978472,0.07034284777431182,0.017187000000000004,0.0013889999999999944,0
44,45,2,3,0.613672,0.952083,0.704297,0.947222,0.0907552750312619,0.0031249999999999993,0.009722000000000001,0
44,45,3,1,0.626953,0.949306,0.725,0.94375,0.0982042939234329,0.0023440000000000006,0.0,0
45,46,0,0,0.610937,0.750694,0.697656,0.714583,0.09393715602465309,0.007812000000000003,0.008334000000000001,0
45,46,1,1,0.671094,0.939583,0.799219,0.902083,0.13350005852058647,0.012501,0.0027770000000000017,0
45,46,2,2,0.701563,0.901389,0.838281,0.836806,0.15120441598379328,0.004688000000000001,0.0013890000000000013,0
45,46,3,3,0.712891,0.896528,0.858984,0.829167,0.16087469959567904,0.010936999999999999,0.004166999999999997,0
46,47,0,0,0.663672,0.661111,0.762109,0.600694,0.11549916388441955,0.009375000000000001,0.009722000000000001,0
46,47,1,1,0.758203,0.821528,0.912109,0.736111,0.17602022816994645,0.015625,0.0013890000000000013,0
46,47,2,2,0.779297,0.752778,0.936328,0.654167,0.18542616935589212,0.006250000000000002,0.008334000000000001,0
46,47,3,3,0.783594,0.733333,0.941016,0.627778,0.189535073558959,0.003907000000000001,0.008333,0
47,48,0,0,0.689844,0.547917,0.788672,0.466667,0.12793957981797505,0.005469000000000002,0.0013880000000000003,0
47,48,1,1,0.811328,0.642361,0.965625,0.533333,0.1889303284097076,0.0023440000000000023,0.0013890000000000013,0
47,48,2,2,0.815625,0.559028,0.960547,0.436806,0.1895800711256328,0.008592999999999996,0.0027770000000000017,0
47,48,3,3,0.818359,0.535417,0.964844,0.409028,0.19347360167733488,0.0039059999999999997,0.005555000000000001,0
48,49,0,0,0.692969,0.420139,0.767969,0.3125,0.1311912890438996,0.007812000000000003,0.009722000000000001,0
48,49,1,3,0.827344,0.4375,0.95,0.281944,0.19809634896181202,0.009375000000000001,0.0027780000000000027,0
48,49,2,1,0.8125,0.353472,0.917188,0.195139,0.18981284527923817,0.007812000000000003,0.0027779999999999992,0
48,49,3,2,0.814062,0.330556,0.916797,0.168056,0.19225173659813846,0.0039059999999999997,0.0,0
49,50,0,0,0.667188,0.295139,0.707812,0.184722,0.11765297813910193,0.014062000000000002,0.006945,0
49,50,1,1,0.794531,0.227083,0.867969,0.069444,0.17390570480866924,0.0015620000000000009,0.009722000000000001,0
49,50,2,2,0.769141,0.154861,0.808203,0.016667,0.14360857035706467,0.007813,0.006945,0
50,51,0,0,0.618359,0.193056,0.608984,0.094444,0.09905663616840621,0.0015619999999999974,0.0,0
51,52,0,0,0.546875,0.132639,0.548437,0.067361,0.06529668542889447,0.0015629999999999984,0.0027779999999999958,0
52,53,0,0,0.541999,0.127557,0.545703,0.065278,0.06238904917531602,0.000780999999999997,0.0013890000000000013,0
53,54,0,0,0.537398,0.125436,0.545313,0.111111,0.016366210618221917,0.0015630000000000019,0.012499999999999997,0
54,55,0,1,0.540104,0.243525,0.539062,0.280556,0.03704565730284729,0.006249999999999999,0.004166999999999997,0
54,55,1,0,0.599609,0.040278,0.626172,0.077778,0.04595479266627149,0.0031249999999999993,0.008334000000000001,0
54,55,2,3,0.552344,0.035417,0.539844,0.063889,0.03109509260317453,0.0046879999999999995,0.015278,0
54,55,3,2,0.541797,0.027778,0.555469,0.073611,0.047828730622921624,0.005468999999999998,0.005556000000000005,0
55,56,0,1,0.533984,0.386111,0.536719,0.420833,0.03482954936544545,0.0007810000000000004,0.0027780000000000027,0
55,56,1,0,0.593359,0.2,0.620313,0.228472,0.03920679660467049,0.000781999999999998,0.004167000000000004,0
55,56,2,2,0.547266,0.186806,0.535156,0.210417,0.02653547476492556,0.005468999999999998,0.008333,0
55,56,3,3,0.536719,0.186111,0.550391,0.220139,0.03667190161417868,0.005468999999999998,0.0013890000000000013,0
56,57,0,1,0.585156,0.338194,0.612109,0.364583,0.03772059821901026,0.007031999999999998,0.011111000000000003,0
56,57,1,3,0.542188,0.328472,0.530078,0.35,0.024700341779011856,0.0039059999999999997,0.015278,0
56,57,2,2,0.531641,0.328472,0.544922,0.359722,0.03395508004702683,0.00625,0.0013889999999999944,0
56,57,3,0,0.532812,0.511806,0.53125,0.558333,0.04655321227369814,0.007813,0.012499999999999997,0
57,58,0,0,0.580078,0.459722,0.603906,0.489583,0.0382027866130208,0.007031000000000001,0.012499999999999997,0
57,58,1,3,0.538281,0.452778,0.525391,0.475,0.025689869287327978,0.005469,0.008333,0
57,58,2,2,0.527344,0.449306,0.539062,0.486806,0.039288185552402426,0.0046879999999999995,0.011111000000000003,0
57,58,3,1,0.533203,0.627778,0.526563,0.679167,0.05181620326693187,0.0007810000000000004,0.011111000000000003,0
58,59,0,1,0.527344,0.735417,0.520703,0.765972,0.03126836909722028,0.005469,0.0055549999999999974,0
58,59,1,0,0.572656,0.569444,0.594531,0.586806,0.027927668520662488,0.0031249999999999993,0.006943999999999999,0
58,59,2,3,0.532812,0.5625,0.518359,0.574306,0.01866201610223284,0.002343999999999999,0.015278,0
58,59,3,2,0.523047,0.5625,0.531641,0.582639,0.02189603062201002,0.007812999999999999,0.009723000000000002,0
59,60,0,3,0.524484,0.73483,0.513281,0.697222,0.03924116299244961,0.0046879999999999995,0.012499999999999997,0
59,60,1,0,0.567833,0.578444,0.583594,0.528472,0.05239856777622827,0.009374999999999998,0.004165999999999996,0
59,60,2,1,0.520393,0.569648,0.523047,0.522917,0.04680630381690064,0.003906999999999999,0.009722000000000001,0
59,60,3,2,0.527773,0.56789,0.513672,0.516667,0.05312846628691631,0.0046879999999999995,0.0055549999999999974,0
60,61,0,3,0.516406,0.649306,0.504297,0.597917,0.05279637489449444,0.005469,0.013888999999999999,0
60,61,1,1,0.523438,0.504861,0.515234,0.439583,0.06579151085056491,0.007031000000000001,0.0,0
60,61,2,0,0.559375,0.507639,0.573438,0.44375,0.06541843998445697,0.0046879999999999995,0.016666,0
60,61,3,2,0.515625,0.501389,0.503516,0.427083,0.07528618410438928,0.007031999999999999,0.0013890000000000013,0
61,62,0,1,0.510938,0.570139,0.495313,0.553472,0.02284577672131109,0.014062999999999999,0.025,0
61,62,1,0,0.554297,0.440278,0.561719,0.407639,0.033472233343474427,0.005469,0.009722000000000001,0
61,62,2,2,0.519141,0.439583,0.505469,0.408333,0.03410991181460311,0.0039060000000000015,0.009723000000000002,0
61,62,3,3,0.512109,0.434722,0.494531,0.400694,0.038300011331591034,0.0023440000000000006,0.004166000000000003,0
62,63,0,1,0.505469,0.620139,0.487891,0.665278,0.04844084438776848,0.011719000000000002,0.0013880000000000003,0
62,63,1,0,0.548047,0.497222,0.553125,0.532639,0.03577918351499931,0.0007810000000000004,0.0013890000000000013,0
62,63,2,2,0.515234,0.493056,0.500391,0.534722,0.04423087388917385,0.007812000000000001,0.005556000000000005,0
62,63,3,3,0.507812,0.488194,0.489453,0.529861,0.04553231566700733,0.0023439999999999997,0.0,0
63,64,0,0,0.542188,0.589583,0.544141,0.647222,0.05767207755924872,0.005469,0.004166999999999997,0
63,64,1,1,0.504297,0.70625,0.484766,0.763889,0.06085814885452892,0.003125000000000001,0.012499999999999997,0
63,64,2,2,0.510938,0.590972,0.495313,0.644444,0.055708126956486304,0.003125,0.004167000000000004,0
63,64,3,3,0.504687,0.588194,0.485547,0.644444,0.059417186907493376,0.005469,0.009722000000000001,0
64,65,0,0,0.538281,0.745139,0.539453,0.782639,0.037518309983260154,0.003907,0.0055549999999999974,0
64,65,1,3,0.506641,0.743056,0.480859,0.776389,0.0421402469499171,0.003125,0.0,0
64,65,2,2,0.500781,0.740972,0.490234,0.782639,0.04298113653685767,0.0023440000000000006,0.013888999999999999,0
64,65,3,1,0.499609,0.859028,0.481641,0.894444,0.03971324816733078,0.004688,0.0013890000000000013,0
65,66,0,2,0.503906,0.753472,0.486719,0.734722,0.025435319321762014,0.0062499999999999995,0.004166000000000003,0
65,66,1,0,0.533203,0.753472,0.530469,0.732639,0.021011631183703937,0.008594000000000001,0.0027779999999999958,0
65,66,2,1,0.495703,0.85625,0.473828,0.836111,0.029733734141543598,0.0062499999999999995,0.006944000000000006,0
65,66,3,3,0.496875,0.750694,0.476953,0.733333,0.026425185051386083,0.0039059999999999997,0.0013889999999999944,0
66,67,0,0,0.529297,0.709722,0.526953,0.69375,0.01614308272914438,0.0015620000000000009,0.020834,0
66,67,1,1,0.501562,0.709028,0.482422,0.690972,0.026312710540725297,0.0023439999999999997,0.0027779999999999958,0
66,67,2,2,0.494141,0.705556,0.473437,0.691667,0.024931103806289805,0.0039060000000000006,0.016666,0
66,67,3,3,0.494922,0.800694,0.471875,0.789583,0.025585514065580135,0.005468000000000001,0.008333,0
67,68,0,1,0.493359,0.7625,0.469531,0.754861,0.02502254793181542,0.0023440000000000006,0.004167000000000004,0
67,68,1,0,0.527344,0.679167,0.524609,0.664583,0.014838237125750425,0.008594000000000001,0.006943999999999999,0
67,68,2,2,0.500391,0.681944,0.48125,0.666667,0.024490092078226253,0.0039060000000000006,0.008333,0
67,68,3,3,0.494141,0.677778,0.471484,0.664583,0.02621922336759802,0.004688,0.006945,0
68,69,0,0,0.526172,0.655556,0.523047,0.642361,0.013560001843657743,0.004687,0.004167000000000004,0
68,69,1,1,0.492969,0.741667,0.470313,0.734722,0.023696568549053686,0.00625,0.008333,0
68,69,2,2,0.499219,0.661111,0.480859,0.650694,0.021109322324508708,0.005469,0.0013889999999999944,0
68,69,3,3,0.494531,0.657639,0.470313,0.647222,0.026363334633539837,0.00625,0.004166999999999997,0
69,70,0,0,0.524219,0.644444,0.521484,0.633333,0.011442663413733704,0.007031000000000001,0.0055549999999999974,0
69,70,1,1,0.493359,0.722917,0.469922,0.71875,0.023804555404375854,0.003125000000000001,0.011111000000000003,0
69,70,2,2,0.499219,0.646528,0.481641,0.636111,0.020432816081000716,0.005468999999999999,0.006944000000000006,0
69,70,3,3,0.49375,0.645833,0.472266,0.633333,0.024855829416859116,0.005469,0.0055549999999999974,0
70,71,0,0,0.524609,0.634722,0.520703,0.622222,0.013096061850800745,0.0062499999999999995,0.008333,0
70,71,1,1,0.491797,0.713194,0.469922,0.715278,0.02197404562205146,0.007813,0.006943999999999999,0
70,71,2,2,0.498828,0.638889,0.48125,0.627778,0.02079520148976685,0.0039060000000000006,0.0055549999999999974,0
70,71,3,3,0.493359,0.636806,0.471484,0.627083,0.02393851194205688,0.00625,0.0,0
71,72,0,3,0.525,0.630556,0.520312,0.625,0.0072695584460130925,0.004687,0.0055549999999999974,0
71,72,1,0,0.491797,0.711806,0.469174,0.712047,0.02262428363506788,0.00625,0.004165999999999996,0
71,72,2,1,0.499219,0.631944,0.480378,0.624869,0.020125578401626102,0.004687,0.011111000000000003,0
71,72,3,2,0.493359,0.632639,0.470655,0.624147,0.02424016666609368,0.004688,0.008333999999999994,0
72,73,0,3,0.525826,0.630286,0.519922,0.620833,0.011145242258470701,0.008594,0.0055549999999999974,0
72,73,1,0,0.492657,0.711685,0.469019,0.710394,0.02367322802238849,0.00625,0.004165999999999996,0
72,73,2,1,0.500107,0.631726,0.480199,0.623468,0.02155279629189677,0.004687,0.011111000000000003,0
72,73,3,2,0.494266,0.632507,0.470526,0.622891,0.025613571715010785,0.004688,0.008333999999999994,0
73,74,0,3,0.525991,0.629622,0.521875,0.624306,0.006723192098995828,0.009375,0.004165999999999996,0
73,74,1,0,0.492747,0.711116,0.469315,0.709555,0.023483938021549966,0.00625,0.004165999999999996,0
73,74,2,1,0.50015,0.631189,0.480382,0.622707,0.02151088440766674,0.004687,0.011111000000000003,0
73,74,3,2,0.494387,0.631876,0.470655,0.622001,0.025704541408085865,0.004688,0.008333999999999994,0
74,75,0,3,0.525382,0.628245,0.520703,0.619444,0.009967479219943272,0.008594,0.0027769999999999948,0
74,75,1,0,0.492055,0.709998,0.46968,0.708832,0.022405360541620425,0.00625,0.004165999999999996,0
74,75,2,1,0.499648,0.629864,0.485156,0.625,0.015286482917924579,0.009375,0.008333,0
74,75,3,2,0.493827,0.630464,0.473047,0.620833,0.022903374445701268,0.009375000000000001,0.006945,0
75,76,0,3,0.524422,0.627816,0.520312,0.61875,0.009954117539993227,0.004687,0.0013889999999999944,0
75,76,1,0,0.492682,0.709856,0.469985,0.708607,0.022731339819729086,0.00625,0.004165999999999996,0
75,76,2,1,0.502594,0.629588,0.485413,0.624548,0.017904981457683794,0.009375,0.008333,0
75,76,3,2,0.495281,0.627459,0.473294,0.620366,0.023102788100140676,0.009375000000000001,0.006945,0
76,77,0,2,0.523783,0.626971,0.521094,0.619444,0.007992899974352208,0.003125000000000001,0.0027769999999999948,0
76,77,1,0,0.492033,0.70903,0.470235,0.708368,0.02180805007331007,0.00625,0.004165999999999996,0
76,77,2,3,0.503125,0.635417,0.486719,0.627083,0.018401423640577435,0.004688,0.008333,0
76,77,3,1,0.494922,0.626389,0.473507,0.619852,0.022390502316830648,0.00625,0.011111000000000003,0
77,78,0,3,0.52305,0.625616,0.520703,0.61875,0.007256057124912879,0.007031000000000001,0.004165999999999996,0
77,78,1,0,0.491418,0.707746,0.470274,0.707856,0.02114428613124595,0.00625,0.004165999999999996,0
77,78,2,1,0.502394,0.634315,0.485156,0.630556,0.017643092841109258,0.004688,0.004165999999999996,0
77,78,3,2,0.494291,0.625198,0.471875,0.619444,0.023142721793255005,0.005469,0.011111000000000003,0
78,79,0,3,0.522461,0.624184,0.521484,0.618056,0.006205393863406168,0.0039059999999999997,0.0055549999999999974,0
78,79,1,0,0.490688,0.706402,0.470259,0.707266,0.02044726233509027,0.00625,0.004165999999999996,0
78,79,2,1,0.498839,0.641473,0.481952,0.635297,0.017980927256401404,0.004688,0.004165999999999996,0
78,79,3,2,0.493539,0.6238,0.471813,0.618605,0.022338466845332104,0.005469,0.011111000000000003,0
79,80,0,3,0.524065,0.623506,0.519922,0.617361,0.007411172241960075,0.005469,0.004165999999999996,0
79,80,1,0,0.490127,0.705949,0.470165,0.706769,0.019978834900964547,0.00625,0.004165999999999996,0
79,80,2,1,0.498173,0.640932,0.475513,0.634637,0.02351813396083961,0.004688,0.004165999999999996,0
79,80,3,2,0.492849,0.62318,0.471589,0.617902,0.02190536199198726,0.005469,0.011111000000000003,0
80,81,0,3,0.523506,0.623905,0.520312,0.620139,0.004938055487740144,0.0015620000000000009,0.006943999999999999,0
80,81,1,0,0.489457,0.706097,0.47009,0.706456,0.019370327049381453,0.00625,0.004165999999999996,0
80,81,2,2,0.493719,0.639942,0.472266,0.638889,0.02147882720261979,0.010157,0.0013890000000000013,0
80,81,3,1,0.492285,0.623376,0.471501,0.617595,0.021573006675009377,0.005469,0.011111000000000003,0
81,82,0,3,0.523015,0.624897,0.519922,0.616667,0.008792016207901418,0.0039059999999999997,0.0055549999999999974,0
81,82,1,0,0.488915,0.707458,0.469922,0.703472,0.01940675771477553,0.004687,0.0027779999999999958,0
81,82,2,1,0.488564,0.64265,0.461328,0.638194,0.02759810921059628,0.011719,0.0027779999999999958,0
81,82,3,2,0.493359,0.627083,0.471875,0.618056,0.023303411445537287,0.008594,0.006945,0
82,83,0,0,0.522467,0.625411,0.519531,0.61875,0.007279355534661064,0.004687,0.006943999999999999,0
82,83,1,1,0.490814,0.704965,0.46875,0.703472,0.022114455566438863,0.0039060000000000015,0.0055549999999999974,0
82,83,2,3,0.484171,0.64455,0.454297,0.643056,0.029911334172851613,0.007031999999999999,0.009722000000000001,0
82,83,3,2,0.492846,0.627306,0.472656,0.616667,0.02282157796910636,0.005469,0.0013889999999999944,0
83,84,0,3,0.522168,0.625856,0.518359,0.613889,0.012558565602806653,0.0039059999999999997,0.008333,0
83,84,1,0,0.490555,0.705446,0.468695,0.703008,0.02199553236455081,0.0039060000000000015,0.0055549999999999974,0
83,84,2,1,0.492617,0.627992,0.472607,0.616075,0.02328980440020912,0.005469,0.0013889999999999944,0
83,84,3,2,0.477734,0.646528,0.446484,0.640278,0.0318688719599549,0.0078119999999999995,0.0013880000000000003,0
84,85,0,3,0.522031,0.626544,0.518359,0.614583,0.012511958479790445,0.010156,0.0013889999999999944,0
84,85,1,0,0.490338,0.706033,0.468754,0.702483,0.021873992685378683,0.0039060000000000015,0.0055549999999999974,0
84,85,2,1,0.492501,0.628686,0.472637,0.615715,0.023723940166001108,0.005469,0.0013889999999999944,0
84,85,3,2,0.472235,0.647461,0.438737,0.645393,0.03356177331429318,0.0078119999999999995,0.0013880000000000003,0
85,86,0,3,0.52165,0.626965,0.518359,0.614583,0.012811893107577806,0.010156,0.0013889999999999944,0
85,86,1,0,0.489914,0.706694,0.468754,0.702483,0.021574941969794523,0.0039060000000000015,0.0055549999999999974,0
85,86,2,1,0.491977,0.629471,0.471075,0.617103,0.024287054741157894,0.005469,0.0013889999999999944,0
85,86,3,2,0.46771,0.651148,0.431705,0.64956,0.036040002344617024,0.0078119999999999995,0.0013880000000000003,0
86,87,0,3,0.520928,0.626905,0.51875,0.615972,0.011147832659311017,0.004687,0.0013890000000000013,0
86,87,1,0,0.491543,0.702926,0.467249,0.700822,0.02438493904031748,0.0039060000000000015,0.0055549999999999974,0
86,87,2,1,0.491267,0.62962,0.469474,0.616631,0.025370237878269846,0.005469,0.0013889999999999944,0
86,87,3,2,0.464676,0.65297,0.424219,0.651389,0.04048787979136469,0.0007810000000000004,0.0013880000000000003,0
87,88,0,3,0.521887,0.624795,0.517187,0.615278,0.010614296443947678,0.007812999999999999,0.0027769999999999948,0
87,88,1,0,0.490902,0.703546,0.467181,0.700505,0.02391513165341139,0.0039060000000000015,0.0055549999999999974,0
87,88,2,1,0.490567,0.630187,0.469366,0.616262,0.025365094638104563,0.005469,0.0013889999999999944,0
87,88,3,2,0.463984,0.6537,0.422622,0.652557,0.041377789851561673,0.0007810000000000004,0.0013880000000000003,0
88,89,0,3,0.52098,0.625972,0.517187,0.613889,0.012664349094998893,0.00625,0.0055549999999999974,0
88,89,1,0,0.49005,0.704584,0.46701,0.700361,0.023423819692782816,0.0039060000000000015,0.0055549999999999974,0
88,89,2,1,0.489664,0.631358,0.469216,0.61619,0.025459554748659637,0.005469,0.0013889999999999944,0
88,89,3,2,0.463099,0.654962,0.417041,0.653971,0.04606866011726409,0.0007810000000000004,0.0013880000000000003,0
89,90,0,3,0.521673,0.625767,0.517969,0.615972,0.01047194542575544,0.012499999999999999,0.009721999999999995,0
89,90,1,0,0.489996,0.704485,0.466816,0.700352,0.023545574722227517,0.0039060000000000015,0.0055549999999999974,0
89,90,2,1,0.491986,0.628466,0.469071,0.61625,0.02596782395581113,0.005469,0.0013889999999999944,0
89,90,3,2,0.459839,0.656314,0.417099,0.654191,0.04279269480881053,0.0007810000000000004,0.0013880000000000003,0
90,91,0,3,0.52139,0.62597,0.518359,0.615278,0.0111133174614964,0.0039059999999999997,0.0,0
90,91,1,0,0.490422,0.703473,0.466744,0.700373,0.02388006876037005,0.0039060000000000015,0.0055549999999999974,0
90,91,2,1,0.490944,0.628811,0.469019,0.616242,0.02527222558462155,0.005469,0.0013889999999999944,0
90,91,3,2,0.45884,0.656546,0.413243,0.654285,0.04565302322957374,0.0007810000000000004,0.0013880000000000003,0
91,92,0,3,0.520753,0.626246,0.518359,0.617361,0.009201872689838663,0.005469,0.0013889999999999944,0
91,92,1,0,0.489835,0.703612,0.466807,0.700363,0.023256069852836268,0.0039060000000000015,0.0055549999999999974,0
91,92,2,1,0.490377,0.62901,0.469056,0.61618,0.024883607877476323,0.005469,0.0013889999999999944,0
91,92,3,2,0.458099,0.656845,0.413169,0.654039,0.045017535872146505,0.0007810000000000004,0.0013880000000000003,0
92,93,0,3,0.519723,0.625066,0.517187,0.616667,0.008773511098756372,0.007812999999999999,0.008333,0
92,93,1,0,0.488774,0.702541,0.466868,0.699925,0.022061647535938898,0.0039060000000000015,0.0055549999999999974,0
92,93,2,1,0.489225,0.628023,0.469084,0.615619,0.023654156019608904,0.005469,0.0013889999999999944,0
92,93,3,2,0.457074,0.655984,0.413005,0.653392,0.04414516083332348,0.0007810000000000004,0.0013880000000000003,0
93,94,0,3,0.522135,0.623146,0.516797,0.616667,0.00839474150882568,0.005469,0.0027780000000000027,0
93,94,1,0,0.48806,0.700769,0.466975,0.699391,0.021129981282528406,0.0039060000000000015,0.0055549999999999974,0
93,94,2,1,0.488663,0.625974,0.467554,0.616216,0.023255288538308883,0.005469,0.0013889999999999944,0
93,94,3,2,0.458743,0.661215,0.417188,0.657639,0.04170858186272941,0.007030999999999999,0.005555000000000004,0
94,95,0,3,0.52096,0.622608,0.517187,0.613889,0.009500341572806778,0.004687,0.0,0
94,95,1,0,0.490935,0.70028,0.466908,0.699121,0.02405493733103458,0.0039060000000000015,0.0055549999999999974,0
94,95,2,1,0.489834,0.625488,0.467388,0.615859,0.024424179761048243,0.005469,0.0013889999999999944,0
94,95,3,2,0.463057,0.663724,0.41701,0.657385,0.046481277198459174,0.007030999999999999,0.005555000000000004,0
95,96,0,3,0.51983,0.623129,0.516016,0.6125,0.011292574418616858,0.005469,0.008333,0
95,96,1,1,0.489679,0.700861,0.465625,0.702083,0.024085020240805246,0.010156,0.013888999999999999,0
95,96,2,2,0.488762,0.625965,0.464453,0.621528,0.02471061411620518,0.00625,0.0055559999999999984,0
95,96,3,0,0.46205,0.664279,0.425011,0.665273,0.03705233537848862,0.007030999999999999,0.005555000000000004,0
96,97,0,3,0.518958,0.625184,0.514453,0.610417,0.015438889662148606,0.005469,0.0013890000000000013,0
96,97,1,1,0.488819,0.702676,0.465259,0.702659,0.023560006133275968,0.010156,0.013888999999999999,0
96,97,2,2,0.487846,0.627916,0.464094,0.622166,0.02443808511319985,0.00625,0.0055559999999999984,0
96,97,3,0,0.469754,0.664711,0.432472,0.665747,0.037296391514461534,0.007030999999999999,0.005555000000000004,0
97,98,0,3,0.52133,0.628005,0.514844,0.618056,0.011876480833984434,0.007812999999999999,0.011110999999999996,0
97,98,1,1,0.488079,0.706889,0.464732,0.703818,0.023548109265926213,0.010156,0.013888999999999999,0
97,98,2,2,0.488606,0.62948,0.463587,0.623615,0.025697248607584395,0.00625,0.0055559999999999984,0
97,98,3,0,0.471235,0.672816,0.436795,0.669562,0.0345933825463773,0.007030999999999999,0.005555000000000004,0
98,99,0,3,0.52133,0.628005,0.513281,0.620139,0.011254348359634164,0.00625,0.006943999999999999,0
98,99,1,1,0.488079,0.706889,0.464416,0.704618,0.023771727114368438,0.010156,0.013888999999999999,0
98,99,2,2,0.487043,0.632258,0.460953,0.627333,0.02655077635399763,0.00625,0.0055559999999999984,0
98,99,3,0,0.471235,0.674205,0.441178,0.680157,0.030640651967606687,0.007030999999999999,0.005555000000000004,0
99,100,0,3,0.52133,0.628005,0.515625,0.623611,0.007200990279121312,0.004687,0.008333,0
99,100,1,1,0.488079,0.706889,0.46413,0.705336,0.023999300198130777,0.010156,0.013888999999999999,0
99,100,2,2,0.485481,0.633647,0.460638,0.628226,0.025427581284896136,0.00625,0.0055559999999999984,0
99,100,3,0,0.472797,0.68115,0.44088,0.681037,0.03191720003383758,0.007030999999999999,0.005555000000000004,0
100,101,0,3,0.52133,0.628005,0.514453,0.623611,0.008160904667988645,0.005469,0.011110999999999996,0
100,101,1,0,0.488079,0.706889,0.463847,0.705967,0.02424953418109302,0.010156,0.013888999999999999,0
100,101,2,1,0.4847,0.639203,0.457228,0.634389,0.027890596623234856,0.00625,0.0055559999999999984,0
100,101,3,2,0.47436,0.686705,0.439844,0.686111,0.03452111081642651,0.0007819999999999997,0.0013880000000000003,0
101,102,0,3,0.518205,0.633561,0.5125,0.618056,0.01652126054512792,0.00625,0.0055549999999999974,0
101,102,1,0,0.488079,0.706889,0.463544,0.706254,0.024543215966942852,0.010156,0.013888999999999999,0
101,102,2,1,0.483137,0.643369,0.456907,0.634958,0.02754555900685259,0.00625,0.0055559999999999984,0
101,102,3,2,0.475141,0.692261,0.439581,0.686632,0.03600276712976377,0.0007819999999999997,0.0013880000000000003,0
102,103,0,3,0.518224,0.631522,0.512891,0.622917,0.01012358207355479,0.005469,0.012499999999999997,0
102,103,1,0,0.487129,0.708923,0.463321,0.706797,0.023902734989954596,0.010156,0.013888999999999999,0
102,103,2,1,0.482298,0.64558,0.45506,0.639627,0.02788094067638322,0.00625,0.0055559999999999984,0
102,103,3,2,0.474286,0.694427,0.44169,0.69686,0.032686674731455895,0.0007819999999999997,0.0013880000000000003,0
103,104,0,3,0.518224,0.631522,0.512109,0.626389,0.00798379070366955,0.008594,0.011110999999999996,0
103,104,1,0,0.487129,0.708923,0.46309,0.707163,0.02410334252754167,0.010156,0.013888999999999999,0
103,104,2,1,0.483079,0.651136,0.454824,0.648397,0.028387446979254737,0.00625,0.0055559999999999984,0
103,104,3,2,0.475067,0.699983,0.441404,0.69694,0.0338002576617398,0.0007819999999999997,0.0013880000000000003,0
104,105,0,3,0.518224,0.631522,0.512109,0.623611,0.009998857234704363,0.008594,0.0055549999999999974,0
104,105,1,0,0.487129,0.708923,0.462849,0.707434,0.024325614504057205,0.010156,0.013888999999999999,0
104,105,2,1,0.483079,0.655302,0.454616,0.648766,0.029203795386901325,0.00625,0.0055559999999999984,0
104,105,3,2,0.475067,0.701372,0.441284,0.697385,0.03401745519582557,0.0007819999999999997,0.0013880000000000003,0
105,106,0,2,0.518224,0.631522,0.512109,0.625694,0.008447414338127401,0.008594,0.009721999999999995,0
105,106,1,3,0.487129,0.708923,0.460938,0.713194,0.026536953894522226,0.0039060000000000015,0.0027779999999999958,0
105,106,2,0,0.482298,0.65808,0.452217,0.65584,0.030164286184161587,0.00625,0.0055559999999999984,0
105,106,3,1,0.475067,0.701372,0.443497,0.701787,0.031572727550846835,0.0007819999999999997,0.0013880000000000003,0
106,107,0,3,0.518224,0.631522,0.510938,0.622222,0.011814220075823868,0.004687,0.0027769999999999948,0
106,107,1,2,0.487129,0.708923,0.460815,0.713138,0.026649443164914362,0.0039060000000000015,0.0027779999999999958,0
106,107,2,0,0.479173,0.659469,0.452161,0.65588,0.027249386506855554,0.00625,0.0055559999999999984,0
106,107,3,1,0.475067,0.701372,0.443491,0.701761,0.031578396048564585,0.0007819999999999997,0.0013880000000000003,0
107,108,0,3,0.518224,0.631522,0.512109,0.623611,0.009998857234704363,0.0039059999999999997,0.0055549999999999974,0
107,108,1,2,0.487129,0.708923,0.460782,0.713107,0.026677148741947633,0.0039060000000000015,0.0027779999999999958,0
107,108,2,1,0.475067,0.701372,0.44345,0.701726,0.03161898171984671,0.0007819999999999997,0.0013880000000000003,0
107,108,3,0,0.480078,0.665278,0.451341,0.661379,0.02900029948121227,0.003125000000000001,0.006945,0
108,109,0,3,0.518224,0.631522,0.511328,0.626389,0.008596656617546192,0.007031000000000001,0.008333,0
108,109,1,2,0.487129,0.708923,0.458418,0.710271,0.028742627315539532,0.0039060000000000015,0.0027779999999999958,0
108,109,2,1,0.475067,0.701372,0.443424,0.701726,0.03164498009163542,0.0007819999999999997,0.0013880000000000003,0
108,109,3,0,0.480078,0.665278,0.45131,0.661348,0.029035198018956248,0.003125000000000001,0.006945,0
109,110,0,0,0.518224,0.631522,0.452888,0.665592,0.0736855331527159,0.007031000000000001,0.0013890000000000013,0
109,110,1,2,0.484004,0.710312,0.454554,0.711725,0.029483878120084517,0.0039060000000000015,0.0027779999999999958,0
109,110,2,1,0.47663,0.702761,0.44343,0.701735,0.033215849770854886,0.0007819999999999997,0.0013880000000000003,0
110,111,0,3,0.518224,0.631522,0.511328,0.626389,0.008596656617546192,0.0039059999999999997,0.008333,0
110,111,1,2,0.484004,0.710312,0.45451,0.711801,0.02953156204808675,0.0039060000000000015,0.0027779999999999958,0
110,111,2,1,0.474286,0.708316,0.443407,0.701793,0.03156045262666552,0.0007819999999999997,0.0013880000000000003,0
110,111,3,0,0.480859,0.673611,0.45286,0.66562,0.029117006748634024,0.003125000000000001,0.006945,0
111,112,0,3,0.518224,0.631522,0.510547,0.625694,0.009638563845303995,0.005469,0.006943999999999999,0
111,112,1,2,0.482441,0.710312,0.454496,0.711859,0.027987787229432765,0.0039060000000000015,0.0027779999999999958,0
111,112,2,1,0.474286,0.708316,0.443417,0.701943,0.031519998255076065,0.0007819999999999997,0.0013880000000000003,0
111,112,3,0,0.480859,0.676389,0.451292,0.676866,0.02957084743459337,0.003125000000000001,0.006945,0
112,113,0,3,0.518224,0.631522,0.511328,0.622917,0.011027277134451629,0.005469,0.009721999999999995,0
112,113,1,2,0.482441,0.710312,0.455263,0.709243,0.027199015515271912,0.0039060000000000015,0.0027779999999999958,0
112,113,2,1,0.474286,0.708316,0.443393,0.701924,0.031547347162637934,0.0007819999999999997,0.0013880000000000003,0
112,113,3,0,0.480859,0.676389,0.451278,0.676942,0.029586168558973603,0.003125000000000001,0.006945,0
113,114,0,3,0.518224,0.631522,0.510547,0.624306,0.010535985241067905,0.0039059999999999997,0.0013890000000000013,0
113,114,1,2,0.482441,0.710312,0.455234,0.70913,0.02723266371473784,0.0039060000000000015,0.0027779999999999958,0
113,114,2,1,0.474286,0.708316,0.443353,0.701931,0.031585102722644406,0.0007819999999999997,0.0013880000000000003,0
113,114,3,0,0.480859,0.676389,0.451271,0.676897,0.02959236063581275,0.003125000000000001,0.006945,0
114,115,0,3,0.518224,0.631522,0.508594,0.623611,0.012462777419179102,0.007812999999999999,0.011110999999999996,0
114,115,1,2,0.482441,0.710312,0.453591,0.71029,0.028850008388213673,0.0039060000000000015,0.0027779999999999958,0
114,115,2,1,0.474286,0.708316,0.443191,0.701633,0.03180505484981906,0.0007819999999999997,0.0013880000000000003,0
114,115,3,0,0.480859,0.676389,0.451158,0.676562,0.02970150383398118,0.003125000000000001,0.006945,0
115,116,0,3,0.518224,0.631522,0.509766,0.622222,0.01257090943408626,0.0039059999999999997,0.0,0
115,116,1,2,0.482441,0.710312,0.453579,0.709605,0.02887065799388715,0.0039060000000000015,0.0027779999999999958,0
115,116,2,1,0.474286,0.708316,0.443172,0.701065,0.031947738527163344,0.0007819999999999997,0.0013880000000000003,0
115,116,3,0,0.480859,0.676389,0.451125,0.675973,0.029736909926890504,0.003125000000000001,0.006945,0
116,117,0,2,0.518224,0.631522,0.510156,0.621528,0.012844168326520819,0.009375,0.009721999999999995,0
116,117,1,1,0.482441,0.710312,0.453736,0.709074,0.02873168406132857,0.0039060000000000015,0.0027779999999999958,0
116,117,2,3,0.474286,0.708316,0.441016,0.7,0.034293567268512584,0.0,0.006944000000000006,0
116,117,3,0,0.480859,0.676389,0.451254,0.675389,0.029621884224336568,0.003125000000000001,0.006945,0
117,118,0,3,0.518224,0.631522,0.508984,0.624306,0.011723832820370669,0.0023440000000000006,0.018054999999999995,0
117,118,1,1,0.482441,0.710312,0.454613,0.712471,0.027911625982733442,0.0039060000000000015,0.0027779999999999958,0
117,118,2,0,0.469598,0.695816,0.45136,0.67453,0.02803066963167313,0.0015620000000000009,0.0027779999999999958,0
117,118,3,2,0.480859,0.676389,0.437173,0.699116,0.049244117669017054,0.0015630000000000002,0.016667,0
118,119,0,3,0.518224,0.631522,0.508594,0.621528,0.013878650366660358,0.00625,0.009721999999999995,0
118,119,1,1,0.482441,0.710312,0.452375,0.711763,0.030100992624828817,0.0039060000000000015,0.0027779999999999958,0
118,119,2,0,0.469598,0.695816,0.451394,0.673778,0.02858424496116698,0.0015620000000000009,0.0027779999999999958,0
118,119,3,2,0.480859,0.676389,0.434827,0.69982,0.051652267956015206,0.0015630000000000002,0.016667,0
119,120,0,3,0.518224,0.631522,0.508203,0.61875,0.016234051404378433,0.0039059999999999997,0.004165999999999996,0
119,120,1,1,0.469598,0.695816,0.452307,0.711496,0.02334183114067962,0.002343999999999999,0.0,0
119,120,2,0,0.478516,0.673611,0.451346,0.673333,0.027171422193179334,0.003125000000000001,0.006945,0
119,120,3,2,0.482031,0.707639,0.434781,0.699419,0.04795967994055008,0.003906999999999999,0.009722000000000001,0
120,121,0,3,0.518224,0.631522,0.508594,0.61875,0.015995652034224823,0.00625,0.0013889999999999944,0
120,121,1,1,0.469598,0.695816,0.452228,0.711061,0.0231111861443761,0.002343999999999999,0.0,0
120,121,2,0,0.478516,0.673611,0.451198,0.67281,0.027329740668363474,0.003125000000000001,0.006945,0
120,121,3,2,0.482031,0.707639,0.437028,0.693388,0.04720551885108347,0.003906999999999999,0.009722000000000001,0
121,122,0,3,0.51588,0.628744,0.506641,0.620833,0.012163183875943008,0.007031000000000001,0.0027769999999999948,0
121,122,1,0,0.478516,0.673611,0.448023,0.669544,0.030763022250747715,0.003125000000000001,0.006945,0
121,122,2,1,0.482031,0.707639,0.452184,0.710601,0.029993613536884827,0.0015630000000000002,0.0027779999999999958,0
121,122,3,2,0.470703,0.684722,0.436932,0.692852,0.03473582215811221,0.0046879999999999995,0.008333,0
122,123,0,3,0.514581,0.627367,0.505469,0.619444,0.012074869481696287,0.004687,0.0027769999999999948,0
122,123,1,0,0.477361,0.672355,0.447998,0.668844,0.029572164107484568,0.003125000000000001,0.006945,0
122,123,2,1,0.480791,0.706262,0.452138,0.70994,0.028888096043180187,0.0015630000000000002,0.0027779999999999958,0
122,123,3,2,0.469564,0.683718,0.437718,0.685293,0.03188492341217082,0.0046879999999999995,0.008333,0
123,124,0,3,0.51298,0.626153,0.50625,0.620139,0.009025580092160267,0.00625,0.009721999999999995,0
123,124,1,0,0.475777,0.67126,0.447947,0.668284,0.027988666920737777,0.003125000000000001,0.006945,0
123,124,2,1,0.481608,0.703614,0.452101,0.709383,0.03006566829458478,0.0015630000000000002,0.0027779999999999958,0
123,124,3,2,0.468042,0.682288,0.437695,0.684829,0.0304531950704684,0.0046879999999999995,0.008333,0
124,125,0,3,0.511565,0.62467,0.505469,0.615278,0.011196913860524266,0.004687,0.0055549999999999974,0
124,125,1,0,0.474274,0.670126,0.446275,0.6706,0.028003011927290957,0.003125000000000001,0.006945,0
124,125,2,1,0.480125,0.7023,0.452029,0.70486,0.028212387633803713,0.0015630000000000002,0.0027779999999999958,0
124,125,3,2,0.466465,0.681222,0.43446,0.678835,0.03209389029083262,0.0046879999999999995,0.008333,0
125,126,0,1,0.482422,0.707639,0.451683,0.704834,0.030866715827894638,0.0023440000000000006,0.0055559999999999984,0
125,126,1,3,0.513672,0.625694,0.505078,0.617361,0.011970619240456969,0.010937,0.008333,0
125,126,2,0,0.471094,0.678472,0.445781,0.670435,0.026558263083266587,0.007031000000000001,0.0055549999999999974,0
125,126,3,2,0.478516,0.674306,0.434121,0.678731,0.04461498234898229,0.007813,0.012500000000000004,0
126,127,0,1,0.481182,0.708262,0.45133,0.704766,0.030056013042318152,0.0023440000000000006,0.0055559999999999984,0
126,127,1,3,0.512306,0.626228,0.503906,0.620833,0.009983287284256707,0.008594,0.009722000000000001,0
126,127,2,0,0.469709,0.678847,0.445488,0.670366,0.025662895432900765,0.007031000000000001,0.0055549999999999974,0
126,127,3,2,0.477202,0.674733,0.433787,0.678836,0.043608449112528674,0.007813,0.012500000000000004,0
127,128,0,1,0.48013,0.709476,0.451121,0.705044,0.029345607933726647,0.0023440000000000006,0.0055559999999999984,0
127,128,1,3,0.511278,0.627387,0.503625,0.620991,0.009973826998700207,0.008594,0.009722000000000001,0
127,128,2,0,0.468669,0.680194,0.444409,0.671878,0.02564572978099863,0.007031000000000001,0.0055549999999999974,0
127,128,3,2,0.476187,0.676168,0.43351,0.678971,0.042768950630100826,0.007813,0.012500000000000004,0
128,129,0,1,0.481438,0.707617,0.45086,0.70494,0.030694957452324312,0.0023440000000000006,0.0055559999999999984,0
128,129,1,3,0.512583,0.625397,0.503492,0.620953,0.010119062061278175,0.008594,0.009722000000000001,0
128,129,2,0,0.467726,0.680844,0.444136,0.671967,0.025204944534753502,0.007031000000000001,0.0055549999999999974,0
128,129,3,2,0.476562,0.672917,0.433262,0.678984,0.04372297438418389,0.007031999999999999,0.015278,0
129,130,0,1,0.480283,0.708026,0.450535,0.704919,0.02990981365705912,0.0023440000000000006,0.0055559999999999984,0
129,130,1,3,0.511339,0.626113,0.503188,0.620616,0.009831368673791115,0.008594,0.009722000000000001,0
129,130,2,0,0.466567,0.68148,0.443849,0.67188,0.02466308018070735,0.007031000000000001,0.0055549999999999974,0
129,130,3,2,0.475427,0.67347,0.433068,0.678853,0.04269966709472099,0.007031999999999999,0.015278,0
130,131,0,1,0.479259,0.709086,0.450304,0.704844,0.029264083600892072,0.0023440000000000006,0.0055559999999999984,0
130,131,1,3,0.51024,0.62707,0.502837,0.620677,0.00978135256495749,0.008594,0.009722000000000001,0
130,131,2,0,0.465433,0.682411,0.443524,0.671827,0.024331570787764635,0.007031000000000001,0.0055549999999999974,0
130,131,3,2,0.474178,0.674537,0.431286,0.680353,0.04328451824844535,0.007031999999999999,0.015278,0
131,132,0,1,0.481028,0.705641,0.450119,0.704871,0.030918589570030536,0.0023440000000000006,0.0055559999999999984,0
131,132,1,3,0.511374,0.62369,0.502586,0.62084,0.009238584523616181,0.008594,0.009722000000000001,0
131,132,2,0,0.468138,0.681844,0.443314,0.671972,0.02671492766226404,0.007031000000000001,0.0055549999999999974,0
131,132,3,2,0.475383,0.672649,0.431083,0.680399,0.04497279733349927,0.007031999999999999,0.015278,0
132,133,0,1,0.481028,0.705641,0.44994,0.705026,0.03109408253993033,0.0023440000000000006,0.0055559999999999984,0
132,133,1,3,0.511374,0.62369,0.502289,0.620901,0.009503459685819674,0.008594,0.009722000000000001,0
132,133,2,0,0.468138,0.681844,0.443184,0.672065,0.026801696905233416,0.007031000000000001,0.0055549999999999974,0
132,133,3,2,0.475383,0.672649,0.427728,0.67909,0.04808830945250622,0.007031999999999999,0.015278,0
133,134,0,1,0.479991,0.705116,0.449682,0.704884,0.030309887908073804,0.0023440000000000006,0.0055559999999999984,0
133,134,1,3,0.51045,0.623322,0.502091,0.620584,0.008795994827192668,0.008594,0.009722000000000001,0
133,134,2,0,0.465634,0.67867,0.442905,0.671958,0.023699333007491986,0.007031000000000001,0.0055549999999999974,0
133,134,3,2,0.474483,0.672339,0.424455,0.676215,0.050177925026848175,0.007031999999999999,0.015278,0
134,135,0,1,0.478848,0.705841,0.44945,0.704835,0.02941520763142764,0.0023440000000000006,0.0055559999999999984,0
134,135,1,3,0.509167,0.623748,0.501885,0.620418,0.008007273193790741,0.008594,0.009722000000000001,0
134,135,2,0,0.464419,0.679301,0.442668,0.671827,0.022999275575548074,0.007031000000000001,0.0055549999999999974,0
134,135,3,2,0.473198,0.672849,0.421921,0.674851,0.05131606700634804,0.007031999999999999,0.015278,0
135,136,0,1,0.480334,0.703465,0.44921,0.704541,0.031142593854719278,0.0023440000000000006,0.0055559999999999984,0
135,136,1,3,0.510777,0.622928,0.501582,0.620036,0.009639070961456877,0.008594,0.009722000000000001,0
135,136,2,0,0.462728,0.675539,0.442446,0.671489,0.020682408563801234,0.007031000000000001,0.0055549999999999974,0
135,136,3,2,0.475391,0.670833,0.417767,0.674552,0.057743885710956455,0.00625,0.019444000000000003,0
136,137,0,1,0.479074,0.703691,0.448982,0.704255,0.030097284927381746,0.0023440000000000006,0.0055559999999999984,0
136,137,1,3,0.509414,0.622808,0.501364,0.619804,0.008592235797509288,0.008594,0.009722000000000001,0
136,137,2,0,0.45994,0.673053,0.442153,0.671227,0.017880482236226177,0.007031000000000001,0.0055549999999999974,0
136,137,3,2,0.47402,0.671108,0.414507,0.671724,0.059516187923958956,0.00625,0.019444000000000003,0
137,138,0,1,0.47772,0.703411,0.448699,0.704016,0.02902730552428175,0.0023440000000000006,0.0055559999999999984,0
137,138,1,3,0.508104,0.622843,0.501117,0.619549,0.00772454561770462,0.008594,0.009722000000000001,0
137,138,2,0,0.457043,0.668657,0.44184,0.670946,0.01537435299451653,0.007031000000000001,0.0055549999999999974,0
137,138,3,2,0.472726,0.670889,0.410218,0.665781,0.06271635933311175,0.00625,0.019444000000000003,0
138,139,0,1,0.476735,0.704879,0.447032,0.709669,0.030086746401031827,0.0023440000000000006,0.0055559999999999984,0
138,139,1,3,0.509459,0.624258,0.500976,0.61966,0.009648984039783681,0.008594,0.009722000000000001,0
138,139,2,0,0.45597,0.6701,0.441763,0.671127,0.014244071679123182,0.007031000000000001,0.0055549999999999974,0
138,139,3,2,0.474106,0.672437,0.41024,0.665941,0.06419551364386769,0.00625,0.019444000000000003,0
139,140,0,1,0.47834,0.704491,0.447137,0.709424,0.031590531777733646,0.0023440000000000006,0.0055559999999999984,0
139,140,1,3,0.509401,0.627775,0.501007,0.619652,0.01168085463482874,0.008594,0.009722000000000001,0
139,140,2,0,0.453643,0.669567,0.44182,0.671158,0.011929568726488007,0.007031000000000001,0.0055549999999999974,0
139,140,3,2,0.475728,0.670488,0.407285,0.667479,0.06850911129185662,0.00625,0.019444000000000003,0
140,141,0,1,0.476913,0.704536,0.447107,0.708884,0.030121466431765886,0.0023440000000000006,0.0055559999999999984,0
140,141,1,3,0.507966,0.627884,0.497919,0.620713,0.012343640062801618,0.008594,0.009722000000000001,0
140,141,2,0,0.452243,0.669539,0.441833,0.670991,0.010510775613626268,0.007031000000000001,0.0055549999999999974,0
140,141,3,2,0.474242,0.670402,0.405076,0.667251,0.06923773795409553,0.00625,0.019444000000000003,0
141,142,0,3,0.475233,0.702919,0.445312,0.713194,0.03163608487155139,0.007031999999999998,0.0055559999999999984,0
141,142,1,2,0.509413,0.625918,0.497835,0.620296,0.012870779618966353,0.008594,0.009722000000000001,0
141,142,2,0,0.450556,0.667919,0.437849,0.669245,0.012775998004069993,0.007031000000000001,0.0055549999999999974,0
141,142,3,1,0.472461,0.668735,0.40505,0.66718,0.06742893255865763,0.00625,0.019444000000000003,0
142,143,0,3,0.476948,0.70687,0.445116,0.71303,0.03242255116427452,0.007031999999999998,0.0055559999999999984,0
142,143,1,2,0.507416,0.62454,0.49772,0.620001,0.010705836585713387,0.008594,0.009722000000000001,0
142,143,2,0,0.451869,0.666554,0.437698,0.668918,0.014366827659577511,0.007031000000000001,0.0055549999999999974,0
142,143,3,1,0.471484,0.66875,0.404911,0.666925,0.06659801013543873,0.00625,0.009722000000000001,0
143,144,0,3,0.474424,0.7081,0.444858,0.713736,0.03009838620258573,0.007031999999999998,0.0055559999999999984,0
143,144,1,2,0.509677,0.625886,0.497482,0.620858,0.013190860813457245,0.008594,0.009722000000000001,0
143,144,2,0,0.449263,0.667873,0.434219,0.669837,0.015171658841405573,0.007031000000000001,0.0055549999999999974,0
143,144,3,1,0.468994,0.669906,0.404646,0.667541,0.06439144608564092,0.00625,0.009722000000000001,0
144,145,0,3,0.476229,0.709755,0.44375,0.715278,0.032945241993344074,0.0039059999999999997,0.006943999999999999,0
144,145,1,2,0.507104,0.628452,0.494275,0.619617,0.01557692094093053,0.008594,0.009722000000000001,0
144,145,2,0,0.449659,0.67082,0.434086,0.672576,0.0156716899216389,0.007031000000000001,0.0055549999999999974,0
144,145,3,1,0.468397,0.671503,0.402074,0.668679,0.06638309502426053,0.00625,0.009722000000000001,0
145,146,0,3,0.47527,0.712422,0.44375,0.721528,0.03280898712243342,0.005469,0.011111000000000003,0
145,146,1,2,0.506664,0.633065,0.494591,0.624062,0.015060256903519266,0.008594,0.009722000000000001,0
145,146,2,0,0.448458,0.673218,0.429524,0.674141,0.018956483983059734,0.007031000000000001,0.0055549999999999974,0
145,146,3,1,0.466673,0.675532,0.401832,0.672655,0.06490479496924706,0.00625,0.009722000000000001,0
146,147,0,3,0.474547,0.718821,0.442578,0.727778,0.03320007243967998,0.0046879999999999995,0.006943999999999999,0
146,147,1,2,0.506532,0.638101,0.4948,0.630727,0.013856972973921796,0.008594,0.009722000000000001,0
146,147,2,0,0.448375,0.679515,0.430206,0.679942,0.01817401689225587,0.007031000000000001,0.0055549999999999974,0
146,147,3,1,0.465121,0.678928,0.398529,0.679004,0.06659204336855867,0.00625,0.009722000000000001,0
147,148,0,3,0.473825,0.723164,0.441406,0.717361,0.03293427348523113,0.007031999999999998,0.008333,0
147,148,1,2,0.506563,0.639574,0.493613,0.621003,0.0226403299666767,0.008594,0.009722000000000001,0
147,148,2,0,0.44837,0.682363,0.426534,0.665194,0.027777427112675536,0.007031000000000001,0.0055549999999999974,0
147,148,3,1,0.464844,0.679167,0.399872,0.66814,0.06590110403475799,0.005469,0.013889000000000006,0
148,149,0,1,0.507031,0.599306,0.494084,0.569571,0.032431389640285184,0.007812999999999999,0.012499999999999997,0
148,149,1,2,0.448438,0.643056,0.442577,0.664841,0.022559644190456606,0.004687999999999998,0.0013890000000000013,0
148,149,2,3,0.466016,0.647222,0.424609,0.614583,0.05272422564628139,0.004687,0.006945,0
148,149,3,0,0.475391,0.684028,0.398865,0.616958,0.10175762170962917,0.00625,0.018056000000000003,0
149,150,0,1,0.507812,0.541667,0.491857,0.504702,0.040261312074993325,0.007812999999999999,0.013888999999999999,0
149,150,1,2,0.475781,0.626389,0.440151,0.597719,0.04573254639750555,0.007812999999999999,0.012499999999999997,0
149,150,2,3,0.464063,0.577778,0.421228,0.539863,0.05720475898035061,0.005469,0.004166999999999997,0
149,150,3,0,0.448438,0.585417,0.397818,0.549065,0.06232056084471637,0.002343999999999999,0.0013890000000000013,0
150,151,0,1,0.507031,0.483333,0.494056,0.435272,0.04978162659054043,0.009375999999999999,0.013888999999999999,0
150,151,1,2,0.463672,0.514583,0.440034,0.532183,0.02947057929529038,0.005468999999999998,0.008333,0
150,151,2,3,0.449609,0.525694,0.421906,0.468066,0.06394093049839046,0.00625,0.0,0
150,151,3,0,0.475,0.566667,0.396819,0.484223,0.1136190208415827,0.007031999999999999,0.013889000000000006,0
151,152,0,1,0.506641,0.421528,0.493315,0.367547,0.05560153448422085,0.007031999999999998,0.012499999999999997,0
151,152,1,2,0.447656,0.465278,0.439863,0.471717,0.010108984617655699,0.007812999999999999,0.0013890000000000013,0
151,152,2,3,0.461719,0.454167,0.41971,0.399945,0.06859140882792827,0.007031000000000001,0.006945,0
151,152,3,0,0.475391,0.507639,0.39608,0.417107,0.12035895373839037,0.00625,0.015278,0
152,153,0,1,0.508594,0.365972,0.492652,0.301787,0.06613517663845768,0.009375999999999999,0.015278,0
152,153,1,2,0.475781,0.454167,0.439949,0.408137,0.05833260772501088,0.006250999999999998,0.009722000000000001,0
152,153,2,3,0.463281,0.39375,0.42023,0.331678,0.0755401997945465,0.008594000000000001,0.008333999999999994,0
152,153,3,0,0.447656,0.409028,0.395856,0.355152,0.07473863375791664,0.002343999999999999,0.004167000000000004,0
153,154,0,1,0.508984,0.332639,0.494831,0.28077,0.053765235701147995,0.007031999999999998,0.012499999999999997,0
153,154,1,2,0.476172,0.425694,0.439167,0.387568,0.05313155278175107,0.007031999999999998,0.008333,0
153,154,2,3,0.463672,0.363889,0.422439,0.310529,0.06743478248648838,0.004687,0.006945,0
153,154,3,0,0.447656,0.380556,0.394201,0.333735,0.07106084059452152,0.0007819999999999997,0.005556000000000005,0
154,155,0,1,0.446484,0.367361,0.441477,0.377635,0.011429134919144142,0.005468999999999998,0.0,0
154,155,1,2,0.4625,0.346528,0.42061,0.298892,0.0634346955222456,0.0023440000000000006,0.0027779999999999958,0
154,155,2,0,0.475391,0.413194,0.393568,0.322292,0.12230362600103074,0.0046879999999999995,0.015278,0
154,155,3,3,0.509375,0.319444,0.494922,0.269444,0.05204699039329748,0.010156,0.016667,0
155,156,0,3,0.509766,0.308333,0.496918,0.260714,0.049321803140193514,0.009375,0.011110999999999996,0
155,156,1,1,0.464453,0.338194,0.442731,0.370139,0.038630665396806214,0.005468999999999998,0.008333,0
155,156,2,0,0.447266,0.360417,0.394423,0.317376,0.068153578996264,0.0,0.0013890000000000013,0
155,156,3,2,0.475,0.40625,0.420915,0.287612,0.13038467037577695,0.0039059999999999997,0.0,0
156,157,0,3,0.511719,0.30625,0.499219,0.259028,0.04884841127406299,0.0031249999999999993,0.0055559999999999984,0
156,157,1,1,0.446875,0.360417,0.444004,0.377562,0.017383718416955588,0.0031259999999999986,0.0055559999999999984,0
156,157,2,2,0.466016,0.333333,0.422391,0.284937,0.0651560698707342,0.00625,0.004166999999999997,0
156,157,3,0,0.477734,0.408333,0.394019,0.314616,0.12566255334824292,0.0031249999999999993,0.008333,0
157,158,0,3,0.514844,0.309028,0.502533,0.263463,0.04719883415933068,0.0031249999999999993,0.0055559999999999984,0
157,158,1,1,0.446875,0.360417,0.444249,0.380442,0.02019644773221273,0.0031259999999999986,0.0055559999999999984,0
157,158,2,2,0.466016,0.333333,0.422858,0.289874,0.061247837880205984,0.00625,0.004166999999999997,0
157,158,3,0,0.480078,0.415278,0.394576,0.319029,0.12874184247943635,0.0031249999999999993,0.008333,0
158,159,0,3,0.51875,0.31875,0.502533,0.260685,0.06028710736135877,0.0031249999999999993,0.0055559999999999984,0
158,159,1,1,0.448438,0.371528,0.444249,0.380443,0.00985012416165396,0.0031259999999999986,0.0055559999999999984,0
158,159,2,0,0.480859,0.429167,0.394576,0.319029,0.13991116872144269,0.0031249999999999993,0.008333,0
158,159,3,2,0.467969,0.347917,0.422867,0.289879,0.0735023798798379,0.0039059999999999997,0.0027779999999999958,0
159,160,0,3,0.520703,0.336806,0.512109,0.302778,0.03509646164501487,0.0125,0.006943999999999999,0
159,160,1,2,0.46875,0.367361,0.430469,0.338889,0.04770838233476378,0.0046879999999999995,0.004166000000000003,0
159,160,2,1,0.451172,0.395139,0.454688,0.444444,0.049430206159796646,0.0039059999999999997,0.004166999999999997,0
159,160,3,0,0.482422,0.455556,0.398828,0.367361,0.1215167266716809,0.009375,0.023611,0
160,161,0,3,0.525,0.367361,0.524219,0.338194,0.029177454481157192,0.0031249999999999993,0.0,0
160,161,1,2,0.469922,0.396528,0.435333,0.370175,0.04348424461802228,0.0039059999999999997,0.006943999999999999,0
160,161,2,0,0.451562,0.423611,0.40359,0.404478,0.051646727611727755,0.007030999999999999,0.012499999999999997,0
160,161,3,1,0.485938,0.495833,0.46084,0.487284,0.026514052971961834,0.0031249999999999993,0.011110999999999996,0
161,162,0,2,0.529688,0.357639,0.532812,0.298611,0.059110609538389945,0.010938,0.004167000000000004,0
161,162,1,1,0.475391,0.390972,0.439453,0.334722,0.06675029845626158,0.010936999999999999,0.006943999999999999,0
161,162,2,3,0.453906,0.419444,0.469922,0.461806,0.045288533868960715,0.010155999999999998,0.006943999999999999,0
161,162,3,0,0.489062,0.495833,0.405859,0.373611,0.14785451123655305,0.007030999999999999,0.013888999999999999,0
162,163,0,3,0.535937,0.311806,0.544531,0.245139,0.0672186412016786,0.007813,0.008334000000000001,0
162,163,1,1,0.476562,0.346528,0.444759,0.283463,0.07063019916438007,0.010155999999999998,0.004166000000000003,0
162,163,2,2,0.455469,0.382639,0.474506,0.422599,0.0442629525562857,0.008594,0.005555000000000004,0
162,163,3,0,0.493359,0.461806,0.410067,0.320834,0.1637396166112526,0.0078119999999999995,0.012500000000000004,0
163,164,0,3,0.544141,0.254861,0.555859,0.179861,0.07590989081799553,0.014062000000000002,0.005555000000000004,0
163,164,1,0,0.480859,0.292361,0.415611,0.262969,0.07156249833537112,0.0031249999999999993,0.012500000000000004,0
163,164,2,2,0.460156,0.327778,0.484187,0.371191,0.0496203338360394,0.005468000000000001,0.009722000000000001,0
164,165,0,2,0.55625,0.182639,0.569922,0.073611,0.10988188371155638,0.010155999999999998,0.012500000000000004,0
164,165,1,3,0.487109,0.225,0.496484,0.277778,0.05360417809275692,0.004687,0.0027780000000000027,0
164,165,2,0,0.463672,0.2625,0.423438,0.163194,0.10714689165813444,0.010157,0.004166999999999997,0
165,166,0,0,0.564062,0.0625,0.505859,0.156944,0.11093808338438158,0.0039059999999999997,0.0,0
165,166,1,1,0.493359,0.107639,0.43125,0.036806,0.09420637860569739,0.0070310000000000025,0.013888999999999999,0
166,167,0,0,0.472656,0.035417,0.509776,0.0939,0.06926872085580908,0.004688000000000001,0.008333,0
167,168,0,0,0.475781,0.04375,0.517969,0.109722,0.07830793145014113,0.007813,0.004166999999999997,0
168,169,0,0,0.475781,0.04375,0.521484,0.111806,0.08197794425941647,0.010155999999999998,0.0027780000000000027,0
169,170,0,0,0.480078,0.045833,0.524219,0.10625,0.07482407212922856,0.007032,0.004167000000000004,0
170,171,0,1,0.480459,0.043219,0.45,0.027083,0.03446913368508122,0.008594000000000001,0.0013890000000000013,0
170,171,1,0,0.530143,0.166158,0.526172,0.147917,0.01866823296404887,0.011719,0.019444000000000003,0
171,172,0,0,0.483203,0.2,0.491797,0.19375,0.010626351019987995,0.006249999999999999,0.006944000000000006,0
171,172,1,3,0.582031,0.110417,0.605469,0.153472,0.049021147161199756,0.007813,0.0027779999999999958,0
171,172,2,1,0.506641,0.146528,0.451953,0.248611,0.1158089643896361,0.006250000000000002,0.015278,0
171,172,3,2,0.528516,0.314583,0.526172,0.363889,0.049361685262964854,0.0078119999999999995,0.006945,0
172,173,0,1,0.484766,0.427083,0.492969,0.431944,0.009535120869711108,0.010156000000000002,0.004166999999999997,0
172,173,1,0,0.507422,0.38125,0.60625,0.388194,0.0990716544729116,0.010156000000000002,0.0027780000000000027,0
172,173,2,2,0.580078,0.341667,0.455078,0.480556,0.18685597213094365,0.006250000000000002,0.005556000000000005,0
172,173,3,3,0.530078,0.532639,0.528906,0.600694,0.06806509097180431,0.011719000000000002,0.0,0
173,174,0,1,0.483203,0.592361,0.4551,0.589853,0.028214688958058703,0.0031250000000000028,0.0013889999999999944,0
173,174,1,0,0.508594,0.544444,0.493886,0.535813,0.017053428540912262,0.007812000000000003,0.008334000000000001,0
173,174,2,2,0.578906,0.507639,0.609375,0.493056,0.03377904453947738,0.012501,0.004166999999999997,0
173,174,3,3,0.532031,0.704167,0.529688,0.711806,0.007990242174052102,0.007812999999999999,0.0013890000000000013,0
174,175,0,1,0.483571,0.600133,0.455264,0.589907,0.03009746376357981,0.0031250000000000028,0.0013889999999999944,0
174,175,1,0,0.508203,0.5533,0.494082,0.535416,0.022786840434777234,0.007812000000000003,0.008334000000000001,0
174,175,2,2,0.578428,0.519277,0.607422,0.490972,0.04051944053167561,0.011718999999999999,0.0027779999999999958,0
174,175,3,3,0.529719,0.707195,0.530078,0.711111,0.003932421264310353,0.007032000000000002,0.0027780000000000027,0
175,176,0,1,0.481272,0.599643,0.454593,0.582547,0.03168662583804084,0.0031250000000000028,0.0013889999999999944,0
175,176,1,0,0.505947,0.552847,0.489656,0.533132,0.02557494684256448,0.007812000000000003,0.008334000000000001,0
175,176,2,2,0.574001,0.511536,0.607422,0.4875,0.04116664349931874,0.013282,0.004166999999999997,0
175,176,3,3,0.532929,0.708284,0.528906,0.70625,0.0045079579634242275,0.00625,0.0013890000000000013,0
176,177,0,0,0.483046,0.594783,0.45303,0.581084,0.032994285217291745,0.0031250000000000028,0.0013889999999999944,0
176,177,1,1,0.505481,0.55743,0.489453,0.534722,0.027794784546745378,0.017968,0.0,0
176,177,2,2,0.577497,0.51069,0.606641,0.489583,0.035984415862981525,0.013282,0.0027780000000000027,0
176,177,3,3,0.529337,0.705118,0.528906,0.709028,0.003933682879948474,0.00625,0.006945,0
177,178,0,0,0.479394,0.593573,0.450691,0.579826,0.03182518213616382,0.0031250000000000028,0.0013889999999999944,0
177,178,1,1,0.505801,0.555765,0.489254,0.534696,0.026790034901059717,0.017968,0.0,0
177,178,2,2,0.576218,0.516107,0.60625,0.489583,0.04006798722172099,0.009376,0.0027779999999999958,0
177,178,3,3,0.526953,0.707639,0.527734,0.711806,0.0042395577599556675,0.009374999999999998,0.0,0
178,179,0,0,0.478477,0.594996,0.442899,0.580008,0.03860614236102851,0.0031250000000000028,0.0013889999999999944,0
178,179,1,1,0.504163,0.55588,0.484375,0.534028,0.029480075440880493,0.012499000000000003,0.004167000000000004,0
178,179,2,2,0.574304,0.511698,0.598828,0.490278,0.032561372452647,0.010157000000000001,0.004166999999999997,0
178,179,3,3,0.526063,0.704915,0.519531,0.709028,0.007719053892803187,0.008594000000000001,0.0,0
179,180,0,0,0.468525,0.602078,0.424213,0.582224,0.04855650996519419,0.0031250000000000028,0.0013889999999999944,0
179,180,1,1,0.494761,0.554691,0.464592,0.53912,0.0339503255065397,0.012499000000000003,0.004167000000000004,0
179,180,2,2,0.56489,0.513254,0.578516,0.489583,0.02731270980697449,0.011718999999999999,0.0055559999999999984,0
179,180,3,3,0.515718,0.70253,0.498828,0.708333,0.01785908477498219,0.010938,0.004166999999999997,0
180,181,0,0,0.45269,0.599893,0.401116,0.586471,0.05329190895436194,0.0031250000000000028,0.0013889999999999944,0
180,181,1,1,0.478567,0.553805,0.442461,0.538178,0.03934267867087853,0.012499000000000003,0.004167000000000004,0
180,181,2,2,0.54955,0.514762,0.555859,0.494444,0.021274976028188668,0.013282,0.0013890000000000013,0
180,181,3,3,0.499631,0.71295,0.473437,0.713194,0.026195136418808735,0.010157,0.0055559999999999984,0
181,182,0,1,0.43833,0.59675,0.411235,0.536816,0.06577403272568898,0.011718000000000003,0.0027779999999999958,0
181,182,1,2,0.463472,0.55522,0.523438,0.499306,0.08198961246401887,0.004687,0.009723000000000002,0
181,182,2,0,0.533766,0.517759,0.368086,0.582305,0.17780902259446785,0.007032000000000002,0.0013890000000000013,0
181,182,3,3,0.478625,0.709177,0.439453,0.713194,0.039377428471143255,0.006249999999999999,0.008333,0
182,183,0,2,0.379297,0.620139,0.358203,0.515972,0.10628132820491096,0.0,0.011110999999999996,0
182,183,1,1,0.402344,0.571528,0.257031,0.588194,0.1462655924166719,0.004687,0.0055559999999999984,0
182,183,3,3,0.426953,0.727083,0.313672,0.748611,0.1153084547854146,0.0078119999999999995,0.006944000000000006,0
183,184,0,3,0.283594,0.707639,0.230078,0.806944,0.11280711538285161,0.0039059999999999997,0.004166999999999997,0
183,184,1,2,0.302344,0.649306,0.253906,0.564583,0.09759214401272275,0.004687,0.013888999999999999,0
184,185,0,3,0.281641,0.676389,0.237109,0.759722,0.09448538465286575,0.0031250000000000028,0.005556000000000005,0
184,185,1,2,0.302734,0.625694,0.303906,0.524306,0.10139477367201913,0.007030999999999999,0.008333,0
184,185,2,1,0.36875,0.561111,0.200781,0.5875,0.17002930418607262,0.009375000000000001,0.0,0
185,186,0,0,0.328906,0.588194,0.241406,0.545139,0.09751914183892303,0.010937000000000002,0.0027770000000000017,0
185,186,1,3,0.355859,0.546528,0.396094,0.481944,0.07609170967326208,0.010156000000000002,0.012500000000000004,0
185,186,2,1,0.424219,0.511806,0.284375,0.501389,0.1402314452075568,0.009375000000000001,0.0013889999999999944,0
185,186,3,2,0.364062,0.703472,0.284375,0.677083,0.08394282155133934,0.006250000000000002,0.0027779999999999958,0
186,187,0,2,0.394922,0.499306,0.356641,0.452083,0.060790185803302185,0.0031249999999999993,0.013888999999999999,0
186,187,1,1,0.425391,0.479861,0.409375,0.427778,0.054489917828897484,0.007032,0.006944000000000006,0
186,187,2,0,0.493359,0.477778,0.519141,0.450694,0.037393242437638356,0.0031249999999999993,0.006943999999999999,0
186,187,3,3,0.410156,0.625,0.369141,0.580556,0.060477263173857376,0.005469,0.024999999999999994,0
187,188,0,3,0.479297,0.560417,0.483594,0.524306,0.036365760407284224,0.007031000000000001,0.008333,0
187,188,1,0,0.492969,0.440972,0.515625,0.394444,0.051750836901445336,0.007812000000000003,0.006943999999999999,0
187,188,2,1,0.523438,0.435417,0.569531,0.39375,0.06213455993245631,0.009376,0.008333,0
187,188,3,2,0.585938,0.470833,0.666406,0.45625,0.08177874365016875,0.006249000000000001,0.034723000000000004,0
188,189,0,0,0.598437,0.416667,0.633594,0.502778,0.09301139161414579,0.0031249999999999993,0.005555000000000004,0
188,189,1,1,0.630859,0.438194,0.703125,0.396528,0.08341720633058869,0.013282,0.008333,0
188,189,2,2,0.682422,0.510417,0.753125,0.419444,0.1152171902886024,0.0023430000000000013,0.015278,0
189,190,0,0,0.655859,0.532639,0.746094,0.514583,0.0920237706302019,0.007030999999999996,0.0027780000000000027,0
189,190,1,1,0.706641,0.456944,0.835938,0.439583,0.1304573437181671,0.0023440000000000023,0.0013890000000000013,0
189,190,2,2,0.736719,0.4875,0.877344,0.475694,0.14111970897433143,0.0031260000000000003,0.004167000000000004,0
189,190,3,3,0.778516,0.596528,0.923828,0.595139,0.1453186383950799,0.007813,0.008333,0
190,191,0,3,0.666797,0.517361,0.734766,0.479167,0.07796516271386858,0.0031249999999999993,0.0013880000000000003,0
190,191,1,2,0.728125,0.454167,0.830859,0.414583,0.1100961752832495,0.005468000000000001,0.0013880000000000003,0
190,191,2,1,0.75625,0.488194,0.869922,0.452083,0.11926997906011387,0.005469000000000002,0.0,0
190,191,3,0,0.787891,0.598611,0.910156,0.571528,0.12522866730106166,0.0070310000000000025,0.012499999999999997,0
191,192,0,3,0.650781,0.479861,0.688281,0.428472,0.06361665914679891,0.0,0.0055559999999999984,0
191,192,1,0,0.711328,0.418056,0.775781,0.360417,0.08646643007549237,0.002343999999999999,0.009721999999999995,0
191,192,2,1,0.7375,0.452083,0.816406,0.398611,0.09531742558420254,0.006250000000000002,0.015278,0
191,192,3,2,0.765234,0.556944,0.860156,0.506944,0.10728553529716862,0.005468000000000001,0.005556000000000005,0
192,193,0,0,0.553906,0.416667,0.517187,0.368056,0.060920557137964564,0.006250000000000002,0.0027780000000000027,0
192,193,1,2,0.601953,0.3375,0.634766,0.300694,0.04930897083695833,0.0015629999999999984,0.004167000000000004,0
192,193,2,3,0.628906,0.365972,0.697656,0.396528,0.07523451093746812,0.009376,0.0055559999999999984,0
192,193,3,1,0.667188,0.445833,0.588281,0.279861,0.1837743709906253,0.0,0.006943999999999999,0
193,194,0,1,0.500391,0.397917,0.473828,0.350694,0.054181220898019654,0.009375,0.008333,0
193,194,1,0,0.546484,0.3125,0.545313,0.259722,0.05279098905116288,0.002343999999999999,0.0,0
193,194,2,2,0.574609,0.332639,0.590234,0.281944,0.053048314299325335,0.0078119999999999995,0.012500000000000004,0
193,194,3,3,0.613281,0.410417,0.654297,0.370139,0.057485907316489344,0.014844,0.022222,0
194,195,0,0,0.489062,0.382639,0.455659,0.337714,0.055982283215317334,0.005468000000000001,0.0055559999999999984,0
194,195,1,2,0.533203,0.298611,0.570312,0.267361,0.048514331707238886,0.008594000000000001,0.004166999999999997,0
194,195,2,1,0.559375,0.317361,0.527734,0.245833,0.07821385852264288,0.008594,0.015278,0
194,195,3,3,0.598828,0.397222,0.631641,0.354861,0.053583087723646554,0.014063,0.006943999999999999,0
195,196,0,0,0.481128,0.381379,0.451528,0.334671,0.05529735313737904,0.005468000000000001,0.0055559999999999984,0
195,196,1,2,0.526928,0.292458,0.562891,0.261806,0.04725338583636104,0.0015620000000000009,0.006943999999999999,0
195,196,2,3,0.553678,0.314904,0.624219,0.352083,0.0797390163094579,0.010938000000000002,0.019445000000000004,0
195,196,3,1,0.591745,0.394122,0.519531,0.241667,0.16869317953313936,0.007031000000000001,0.0027770000000000017,0
196,197,0,0,0.478628,0.381403,0.443514,0.338111,0.05574217667081183,0.005468000000000001,0.0055559999999999984,0
196,197,1,1,0.523845,0.294855,0.517578,0.249306,0.04597811098772978,0.010936999999999999,0.006943999999999999,0
196,197,2,2,0.551933,0.313063,0.562109,0.265972,0.04817793329938509,0.005469,0.011111000000000003,0
196,197,3,3,0.588078,0.387062,0.621484,0.354167,0.04688327911953262,0.009375,0.008333,0
197,198,0,0,0.480034,0.391423,0.444041,0.349655,0.055136756097906255,0.005468000000000001,0.0055559999999999984,0
197,198,1,1,0.522383,0.304338,0.516797,0.260417,0.044274796860064754,0.004687,0.009721999999999995,0
197,198,2,2,0.549629,0.325734,0.561328,0.281944,0.04532582818879325,0.0023440000000000006,0.004167000000000004,0
197,198,3,3,0.588888,0.404872,0.621094,0.372222,0.045861192047307334,0.014844000000000001,0.0,0
198,199,0,0,0.478846,0.413607,0.4484,0.37709,0.047544192126904423,0.005468000000000001,0.0055559999999999984,0
198,199,1,1,0.524579,0.325405,0.519141,0.288889,0.03691869580578382,0.006250000000000002,0.011110999999999996,0
198,199,2,2,0.550393,0.347524,0.563672,0.310417,0.03941143603067514,0.003906999999999999,0.0055559999999999984,0
198,199,3,3,0.588307,0.427927,0.626172,0.401389,0.04623876803073363,0.0046879999999999995,0.0027770000000000017,0
199,200,0,0,0.48154,0.448142,0.450386,0.437933,0.03278407230653325,0.005468000000000001,0.0055559999999999984,0
199,200,1,1,0.5262,0.361271,0.521484,0.338194,0.023553950517906784,0.006250000000000002,0.006943999999999999,0
199,200,2,2,0.552912,0.382556,0.570703,0.361111,0.027864093489650795,0.007032000000000002,0.009723000000000002,0
199,200,3,3,0.592654,0.46425,0.631641,0.459028,0.03933516814505818,0.00625,0.0013880000000000003,0
200,201,0,1,0.483594,0.611806,0.532812,0.615972,0.04939399842086074,0.007812999999999999,0.0055559999999999984,0
200,201,1,2,0.530078,0.519444,0.58125,0.639583,0.13058312641761952,0.0023440000000000006,0.0013890000000000013,0
200,201,3,3,0.598828,0.624306,0.644922,0.736111,0.12093392766713558,0.007813000000000002,0.0013890000000000013,0
201,202,0,0,0.538281,0.850694,0.545703,0.963194,0.11274456121693857,0.007030999999999999,0.0027780000000000027,0
201,202,1,1,0.486328,0.963889,0.597656,0.98125,0.11267354571948109,0.000781999999999998,0.020833000000000004,0
205,206,0,0,0.578125,0.977778,0.60625,0.963889,0.031367498242607726,0.0031249999999999993,0.0,0
206,207,0,2,0.541016,0.961806,0.556641,0.902778,0.061060997445177796,0.004688000000000001,0.006943999999999999,0
206,207,1,0,0.5875,0.830556,0.621484,0.753472,0.08424283537488508,0.005468000000000001,0.015278,0
206,207,2,1,0.620313,0.859722,0.673437,0.780556,0.09533842316715747,0.0031260000000000003,0.008333,0
206,207,3,3,0.678125,0.979861,0.760547,0.904861,0.11143781263108134,0.011718,0.011111000000000003,0
207,208,0,3,0.596484,0.596528,0.633594,0.661111,0.07448567640157405,0.003907000000000001,0.004167000000000004,0
207,208,1,0,0.633594,0.603472,0.652344,0.491667,0.11336631124368472,0.0031249999999999993,0.006943999999999999,0
207,208,2,2,0.70625,0.690278,0.822656,0.56875,0.16828372357420665,0.009375000000000001,0.0013890000000000013,0
208,209,0,0,0.625781,0.477778,0.686328,0.424306,0.08077867288461725,0.010156000000000002,0.006945,0
208,209,1,1,0.660156,0.4625,0.742578,0.398611,0.10428418099117431,0.007030999999999999,0.0027770000000000017,0
208,209,2,3,0.74375,0.49375,0.716016,0.585417,0.09577063038844419,0.0039059999999999997,0.008333999999999994,0
209,210,0,0,0.635938,0.4,0.691406,0.332639,0.08725940261656617,0.017187,0.0013890000000000013,0
209,210,1,1,0.666406,0.359028,0.733203,0.284028,0.10043325748475951,0.011718999999999997,0.0027780000000000027,0
209,210,2,3,0.755859,0.3375,0.766797,0.471528,0.13447358338350324,0.015625,0.020832999999999997,0
210,211,0,0,0.61875,0.314583,0.644922,0.238889,0.08009091846145854,0.016407,0.006945,0
210,211,1,1,0.640234,0.255556,0.671484,0.165972,0.09487810893983922,0.006250000000000002,0.0041670000000000006,0
210,211,2,3,0.713672,0.177778,0.770703,0.079167,0.11391516265186126,0.007811999999999996,0.016666,0
210,211,3,2,0.680078,0.408333,0.757031,0.329167,0.11040389379455785,0.002343999999999999,0.0027780000000000027,0
211,212,0,0,0.575391,0.243056,0.582422,0.180556,0.06289423630985592,0.014061999999999998,0.013888999999999999,0
211,212,1,1,0.582812,0.175,0.593359,0.107639,0.06818169497746443,0.011718000000000003,0.015278,0
211,212,2,2,0.637891,0.054861,0.708984,0.222222,0.1818348673109753,0.0,0.0013890000000000013,0
212,213,0,0,0.567187,0.232639,0.58125,0.172917,0.06135540117218699,0.007813,0.0055559999999999984,0
212,213,1,1,0.573047,0.165972,0.589453,0.097917,0.07000457028651774,0.009375000000000001,0.0027779999999999958,0
212,213,3,2,0.647656,0.265972,0.708594,0.220139,0.07625027037984843,0.004688000000000001,0.0,0
213,214,0,0,0.565496,0.225925,0.579687,0.172222,0.05554634722463754,0.010937000000000002,0.0013890000000000013,0
213,214,1,1,0.569788,0.158786,0.5875,0.097222,0.06406122883616894,0.0039059999999999997,0.0013890000000000013,0
213,214,3,2,0.647704,0.262102,0.705078,0.218056,0.07233136243705081,0.008594000000000001,0.0013890000000000013,0
214,215,0,1,0.570318,0.175576,0.589063,0.178472,0.018967388881973194,0.006250000000000002,0.011111000000000003,0
214,215,1,2,0.564294,0.243331,0.579297,0.252083,0.017369154066908376,0.009375000000000001,0.0027780000000000027,0
214,215,2,0,0.622683,0.051942,0.663672,0.059722,0.04172081639901123,0.0039059999999999997,0.016667,0
214,215,3,3,0.644286,0.286398,0.707422,0.293056,0.06348608871241003,0.0023440000000000023,0.009722000000000001,0
215,216,0,1,0.564062,0.440972,0.592578,0.424306,0.03302904497559692,0.0007810000000000004,0.0,0
215,216,1,2,0.569141,0.375,0.663672,0.302778,0.11896271367533613,0.014062000000000002,0.0027769999999999948,0
215,216,3,0,0.645703,0.482639,0.583203,0.494444,0.06360509433213664,0.0078119999999999995,0.0013890000000000013,0
216,217,0,1,0.566406,0.684722,0.596875,0.675694,0.03177836913688312,0.006249999999999999,0.004165999999999996,0
216,217,1,2,0.570312,0.618056,0.667188,0.553472,0.11643046178728315,0.006250000000000002,0.006943999999999999,0
216,217,3,0,0.651953,0.726389,0.588672,0.745833,0.06620086175420985,0.0078119999999999995,0.0055549999999999974,0
217,218,0,0,0.569141,0.852083,0.591016,0.867361,0.026682070927872135,0.006249999999999999,0.0027779999999999958,0
217,218,1,1,0.573828,0.779167,0.598828,0.790278,0.027357893212014713,0.0,0.0,0
217,218,2,2,0.619922,0.665278,0.670313,0.664583,0.05039579254263204,0.002342999999999998,0.004165999999999996,0
217,218,3,3,0.660156,0.8875,0.721484,0.90625,0.06413022753741023,0.002343999999999999,0.009722000000000001,0
218,219,0,0,0.573555,0.858483,0.594141,0.866667,0.022153131877908353,0.006249999999999999,0.0013890000000000013,0
218,219,1,1,0.578034,0.791471,0.6,0.793056,0.022023110157286977,0.003907000000000001,0.0027780000000000027,0
218,219,2,2,0.618805,0.66541,0.671875,0.664583,0.05307644325875646,0.002342999999999998,0.0013889999999999944,0
218,219,3,3,0.661352,0.906955,0.721875,0.907639,0.06052686498572348,0.0015629999999999984,0.0013890000000000013,0
219,220,0,0,0.574147,0.844352,0.594141,0.845139,0.02000948287687622,0.010936999999999995,0.0,0
219,220,1,1,0.577563,0.772108,0.600781,0.769444,0.02337033204727734,0.0007810000000000004,0.0,0
219,220,2,2,0.620704,0.656822,0.673047,0.638889,0.05532975815960151,0.0,0.0055549999999999974,0
219,220,3,3,0.659081,0.885222,0.723047,0.879167,0.06425194301342174,0.005468999999999998,0.008333,0
220,221,0,0,0.572734,0.834087,0.59375,0.839583,0.021722759309074916,0.007030999999999999,0.0055559999999999984,0
220,221,1,1,0.578904,0.762008,0.601172,0.768056,0.023074707538775052,0.004688000000000001,0.0,0
220,221,2,2,0.618864,0.646411,0.673437,0.636806,0.05541180699092927,0.000780999999999997,0.004165999999999996,0
220,221,3,3,0.659918,0.880838,0.723828,0.879167,0.0639318413703219,0.008593999999999997,0.008333,0
221,222,0,0,0.573421,0.83241,0.596484,0.840278,0.024368163513075875,0.009374999999999998,0.004165999999999996,0
221,222,1,1,0.57949,0.760272,0.603906,0.76875,0.025846035285900366,0.0007810000000000004,0.004167000000000004,0
221,222,2,2,0.619342,0.644667,0.675,0.6375,0.05611754496590181,0.0039059999999999997,0.0027769999999999948,0
221,222,3,3,0.660521,0.879207,0.725391,0.879861,0.06487329663274402,0.005468999999999998,0.009722000000000001,0
222,223,0,0,0.572947,0.832523,0.596484,0.840278,0.024781654383838073,0.009374999999999998,0.004165999999999996,0
222,223,1,1,0.578962,0.760216,0.603906,0.76875,0.026363465098503357,0.0007810000000000004,0.004167000000000004,0
222,223,2,2,0.618887,0.644552,0.675,0.6375,0.056554393931860056,0.0039059999999999997,0.0027769999999999948,0
222,223,3,3,0.660095,0.879091,0.725391,0.879861,0.06530053993651203,0.005468999999999998,0.009722000000000001,0
223,224,0,0,0.572565,0.833823,0.596484,0.840278,0.024774696486536442,0.009374999999999998,0.004165999999999996,0
223,224,1,1,0.578516,0.761472,0.603906,0.76875,0.026412523241826052,0.0007810000000000004,0.004167000000000004,0
223,224,2,2,0.618433,0.64578,0.675,0.6375,0.05716978125723419,0.0039059999999999997,0.0027769999999999948,0
223,224,3,3,0.659691,0.880128,0.725391,0.879861,0.06570054253200652,0.005468999999999998,0.009722000000000001,0
224,225,0,0,0.557422,0.818056,0.56875,0.826389,0.014062804592256862,0.003907000000000001,0.0,0
224,225,1,1,0.558594,0.749306,0.570703,0.752778,0.012596930776978876,0.0007810000000000004,0.0013890000000000013,0
224,225,2,2,0.596094,0.632639,0.629687,0.620833,0.03560718024500113,0.007813,0.012500000000000004,0
224,225,3,3,0.644922,0.848611,0.700391,0.853472,0.05568158835737356,0.0031249999999999993,0.004166000000000003,0
225,226,0,2,0.547656,0.81875,0.557813,0.822917,0.010978548993377937,0.0078119999999999995,0.008333999999999994,0
225,226,1,1,0.545703,0.745833,0.55625,0.75,0.01134033059482834,0.007030999999999999,0.005556000000000005,0
225,226,2,0,0.581641,0.613889,0.610937,0.613889,0.02929599999999999,0.007030999999999999,0.013888999999999999,0
225,226,3,3,0.635156,0.833333,0.688281,0.840278,0.05357703472571058,0.0125,0.005556000000000005,0
226,227,0,1,0.547913,0.820396,0.555859,0.825,0.00918344880750144,0.005468000000000001,0.006945,0
226,227,1,0,0.54592,0.749134,0.553906,0.754167,0.009439665513141947,0.005468000000000001,0.0,0
226,227,2,2,0.580717,0.621634,0.611328,0.611806,0.03215000629859966,0.009375000000000001,0.018054999999999995,0
226,227,3,3,0.633086,0.835454,0.688672,0.839583,0.05573914277238205,0.010156000000000002,0.006943999999999999,0
227,228,0,2,0.547399,0.822035,0.557813,0.825,0.010827863177931309,0.0031249999999999993,0.0013889999999999944,0
227,228,1,1,0.545093,0.750805,0.554688,0.754861,0.010417061053867293,0.007030999999999999,0.004167000000000004,0
227,228,2,0,0.579864,0.623272,0.610937,0.613194,0.03266645700102775,0.008594000000000001,0.012499999999999997,0
227,228,3,3,0.632369,0.836705,0.688281,0.840278,0.05602604816511698,0.0125,0.0027780000000000027,0
228,229,0,2,0.546608,0.823365,0.555859,0.824306,0.00929873550543299,0.0007810000000000004,0.008333999999999994,0
228,229,1,1,0.544247,0.751983,0.555078,0.752083,0.010831461628053637,0.006250000000000002,0.0013890000000000013,0
228,229,2,0,0.578838,0.624557,0.610156,0.613889,0.033085092534251806,0.010156000000000002,0.011110999999999996,0
228,229,3,3,0.631584,0.838107,0.6875,0.842361,0.05607758529038136,0.0125,0.0013890000000000013,0
229,230,0,2,0.545202,0.824625,0.555859,0.824306,0.010661773304661877,0.0007810000000000004,0.008333999999999994,0
229,230,1,1,0.542561,0.753168,0.555078,0.752083,0.012563937042185464,0.006250000000000002,0.0013890000000000013,0
229,230,2,0,0.577201,0.625418,0.610156,0.613889,0.03491346253238147,0.010156000000000002,0.011110999999999996,0
229,230,3,3,0.629935,0.83925,0.6875,0.842361,0.05764900299224608,0.0125,0.0013890000000000013,0
230,231,0,2,0.544768,0.81715,0.551953,0.825694,0.011163519203190359,0.0007810000000000004,0.008333999999999994,0
230,231,1,1,0.543107,0.755232,0.551953,0.754861,0.00885377642591004,0.006250000000000002,0.0013890000000000013,0
230,231,2,0,0.58014,0.623237,0.610156,0.613889,0.031437960493645306,0.010156000000000002,0.011110999999999996,0
230,231,3,3,0.63525,0.836745,0.6875,0.842361,0.052550946290242984,0.0125,0.0013890000000000013,0
231,232,0,3,0.544764,0.817672,0.542969,0.830556,0.013008438837923639,0.0078119999999999995,0.004166000000000003,0
231,232,1,1,0.543206,0.755938,0.551953,0.754861,0.008813054975432813,0.006250000000000002,0.0013890000000000013,0
231,232,2,0,0.580061,0.623844,0.610156,0.613889,0.03169875470740133,0.010156000000000002,0.011110999999999996,0
231,232,3,2,0.63533,0.837421,0.6875,0.842361,0.05240336344167239,0.0125,0.0013890000000000013,0
232,233,0,3,0.535459,0.82212,0.535547,0.827083,0.004963780111971168,0.019531,0.008333999999999994,0
232,233,1,1,0.543337,0.756194,0.551953,0.754861,0.008718505892640163,0.006250000000000002,0.0013890000000000013,0
232,233,2,0,0.57933,0.618497,0.610156,0.613889,0.031168508786915048,0.010156000000000002,0.011110999999999996,0
232,233,3,2,0.6354,0.837801,0.689062,0.842361,0.05385539753822265,0.0125,0.0013890000000000013,0
233,234,0,3,0.529928,0.82361,0.526172,0.834028,0.01107439659755784,0.019531,0.008333999999999994,0
233,234,1,1,0.548845,0.752037,0.551953,0.754861,0.004199361856282485,0.006250000000000002,0.0013890000000000013,0
233,234,2,0,0.581829,0.613204,0.610156,0.613889,0.02833528108207151,0.010156000000000002,0.011110999999999996,0
233,234,3,2,0.636697,0.83806,0.689062,0.842361,0.052541334452029284,0.0125,0.0013890000000000013,0
234,235,0,3,0.526754,0.828596,0.521484,0.841667,0.01409340061872937,0.002342999999999998,0.0013880000000000003,0
234,235,1,1,0.548963,0.753287,0.561328,0.75625,0.012715053833940356,0.006250000000000002,0.0013890000000000013,0
234,235,2,0,0.58199,0.619103,0.61875,0.613889,0.037127932826916184,0.010156000000000002,0.011110999999999996,0
234,235,3,2,0.637805,0.834293,0.689062,0.842361,0.05188807833211788,0.0125,0.0013890000000000013,0
235,236,0,3,0.527239,0.829955,0.518359,0.845833,0.018192451291675852,0.002342999999999998,0.0013880000000000003,0
235,236,1,1,0.55387,0.752745,0.565234,0.75625,0.01189224625543891,0.006250000000000002,0.0013890000000000013,0
235,236,2,0,0.588557,0.623707,0.61875,0.613889,0.03174917909174978,0.010156000000000002,0.011110999999999996,0
235,236,3,2,0.640154,0.840991,0.694531,0.847917,0.054816307838087754,0.0125,0.0013890000000000013,0
236,237,0,3,0.519925,0.827534,0.511328,0.843056,0.01774375645121406,0.002342999999999998,0.0013880000000000003,0
236,237,1,1,0.553539,0.753385,0.565234,0.75625,0.012040816002248364,0.006250000000000002,0.0013890000000000013,0
236,237,2,0,0.588203,0.624012,0.622656,0.615278,0.03554281875428562,0.010156000000000002,0.011110999999999996,0
236,237,3,2,0.639958,0.84127,0.695312,0.845139,0.05548904826179668,0.0125,0.0013890000000000013,0
237,238,0,3,0.514456,0.827453,0.497266,0.836111,0.019247261207766736,0.002342999999999998,0.0013880000000000003,0
237,238,1,1,0.553435,0.75417,0.565234,0.75625,0.01198093489674324,0.006250000000000002,0.0013890000000000013,0
237,238,2,0,0.588078,0.624601,0.622656,0.615278,0.035812796777129806,0.010156000000000002,0.011110999999999996,0
237,238,3,2,0.639668,0.84214,0.695312,0.845139,0.05572475874330909,0.0125,0.0013890000000000013,0
238,239,0,3,0.504212,0.826153,0.485547,0.831944,0.019542720025625897,0.014843000000000002,0.004166999999999997,0
238,239,1,1,0.55318,0.755935,0.565234,0.75625,0.012058115151216636,0.006250000000000002,0.0013890000000000013,0
238,239,2,0,0.587754,0.626727,0.622656,0.615278,0.03673185545272659,0.010156000000000002,0.011110999999999996,0
238,239,3,2,0.639436,0.843731,0.695312,0.845139,0.05589373703734618,0.0125,0.0013890000000000013,0
239,240,0,3,0.49221,0.82287,0.466797,0.830556,0.026549861864047387,0.011718,0.004166999999999997,0
239,240,1,0,0.551353,0.749573,0.562109,0.754861,0.011985594686956477,0.010936999999999999,0.0013890000000000013,0
239,240,2,1,0.587895,0.628646,0.621875,0.616667,0.0360296661239041,0.005468000000000001,0.008333,0
239,240,3,2,0.639781,0.845673,0.694531,0.84375,0.054783760632143505,0.007813,0.004165999999999996,0
240,241,0,3,0.477886,0.818539,0.447266,0.829167,0.0324120160434367,0.011718,0.004166999999999997,0
240,241,1,0,0.550965,0.75201,0.562109,0.754861,0.011502909936185659,0.010936999999999999,0.0013890000000000013,0
240,241,2,1,0.585328,0.626915,0.621875,0.616667,0.037956616195335434,0.005468000000000001,0.008333,0
240,241,3,2,0.640585,0.840811,0.696094,0.849306,0.0561552678383783,0.007813,0.004165999999999996,0
241,242,0,3,0.469546,0.817585,0.429297,0.826389,0.041200636123729976,0.011718,0.004166999999999997,0
241,242,1,0,0.55053,0.755038,0.562109,0.754861,0.011580352758012172,0.010936999999999999,0.0013890000000000013,0
241,242,2,1,0.584711,0.629736,0.61875,0.615278,0.036982256353554226,0.005468000000000001,0.008333,0
241,242,3,2,0.640017,0.843781,0.696094,0.849306,0.05634851864956172,0.007813,0.004165999999999996,0
242,243,0,3,0.456042,0.811483,0.409766,0.820139,0.04707859929946938,0.011718,0.008333,0
242,243,1,0,0.550326,0.756951,0.562109,0.754861,0.011966920614761336,0.010936999999999999,0.0013890000000000013,0
242,243,2,1,0.585366,0.627639,0.61875,0.615278,0.03559895752687144,0.005468000000000001,0.008333,0
242,243,3,2,0.640701,0.839145,0.696094,0.849306,0.05631722977917151,0.007813,0.004165999999999996,0
243,244,0,3,0.444511,0.797242,0.390234,0.800694,0.054386662271185535,0.011718,0.008333,0
243,244,1,0,0.548778,0.752227,0.562109,0.754861,0.013588727571042097,0.010936999999999999,0.0013890000000000013,0
243,244,2,1,0.587669,0.624132,0.61875,0.615278,0.03231751656609774,0.005468000000000001,0.008333,0
243,244,3,2,0.640755,0.840862,0.696094,0.849306,0.055979514619189076,0.007813,0.004165999999999996,0
244,245,0,0,0.549326,0.754187,0.562109,0.754861,0.012800756422961874,0.010936999999999999,0.0013890000000000013,0
244,245,1,1,0.587864,0.625823,0.61875,0.615278,0.032636513615887326,0.005468000000000001,0.008333,0
244,245,2,2,0.641134,0.8426,0.696094,0.849306,0.055367608183847,0.007813,0.004165999999999996,0
244,245,3,3,0.433984,0.789583,0.366797,0.792361,0.0672444068529123,0.006249999999999999,0.0027779999999999958,0
245,246,0,0,0.549853,0.754685,0.562109,0.754861,0.01225726364242845,0.010936999999999999,0.0013890000000000013,0
245,246,1,1,0.588382,0.626513,0.61875,0.615278,0.03237963324375376,0.005468000000000001,0.008333,0
245,246,2,2,0.641841,0.84312,0.696094,0.849306,0.05460452916196604,0.007813,0.004165999999999996,0
245,246,3,3,0.411881,0.772216,0.337109,0.774306,0.07480120376036739,0.006249999999999999,0.0027779999999999958,0
246,247,0,0,0.550262,0.755792,0.562109,0.754861,0.011883525150391976,0.010936999999999999,0.0013890000000000013,0
246,247,1,1,0.588782,0.627372,0.622656,0.6125,0.03699492208398333,0.005468000000000001,0.008333,0
246,247,2,2,0.642271,0.843936,0.696094,0.849306,0.05409022304446521,0.007813,0.004165999999999996,0
246,247,3,3,0.393446,0.766546,0.307031,0.765972,0.0864169063378226,0.017969,0.005555000000000004,0
247,248,0,0,0.551003,0.757384,0.562109,0.754861,0.011388975590455824,0.010936999999999999,0.0013890000000000013,0
247,248,1,1,0.58935,0.62925,0.622656,0.6125,0.03728072070118809,0.005468000000000001,0.008333,0
247,248,2,2,0.642925,0.84591,0.696094,0.849306,0.05327734393717466,0.007813,0.004165999999999996,0
247,248,3,3,0.369148,0.757366,0.271875,0.757639,0.0972733830911622,0.017969,0.005555000000000004,0
248,249,0,0,0.551238,0.758785,0.562109,0.754861,0.01155752642220642,0.010936999999999999,0.0013890000000000013,0
248,249,1,1,0.589682,0.630199,0.622656,0.6125,0.037423779565939,0.005468000000000001,0.008333,0
248,249,2,2,0.643335,0.846999,0.696094,0.849306,0.052809415164343565,0.007813,0.004165999999999996,0
248,249,3,3,0.342865,0.752007,0.23125,0.752083,0.1116150258746554,0.017969,0.005555000000000004,0
249,250,0,0,0.551382,0.755428,0.562109,0.754861,0.010741974585708091,0.010936999999999999,0.0013890000000000013,0
249,250,1,1,0.590438,0.627001,0.622656,0.6125,0.035330985338651366,0.005468000000000001,0.008333,0
249,250,2,2,0.641293,0.8392,0.696094,0.849306,0.05572504676534601,0.007813,0.004165999999999996,0
249,250,3,3,0.322838,0.74892,0.197266,0.747222,0.1255834797574904,0.015625,0.004166999999999997,0
250,251,0,0,0.552096,0.757811,0.562109,0.754861,0.010438518525154747,0.010936999999999999,0.0013890000000000013,0
250,251,1,1,0.591119,0.629382,0.622656,0.6125,0.03577127748627383,0.005468000000000001,0.008333,0
250,251,2,2,0.6419,0.841681,0.699219,0.84375,0.057356329397896456,0.007813,0.004165999999999996,0
250,251,3,3,0.301071,0.73802,0.169922,0.736111,0.13116289293088956,0.015625,0.004166999999999997,0
251,252,0,0,0.552587,0.759505,0.562109,0.754861,0.010594112515921204,0.010936999999999999,0.0013890000000000013,0
251,252,1,3,0.588506,0.624052,0.619531,0.618056,0.03159909240785255,0.010156000000000002,0.0027769999999999948,0
251,252,2,1,0.64266,0.843183,0.699219,0.84375,0.056561841996172674,0.007813,0.004165999999999996,0
251,252,3,2,0.284078,0.727643,0.142578,0.718056,0.141824400471146,0.015625,0.004166999999999997,0
252,253,0,0,0.552791,0.761548,0.562109,0.754861,0.011469136541169907,0.010936999999999999,0.0013890000000000013,0
252,253,1,3,0.588597,0.625972,0.619531,0.618056,0.03193079097047237,0.010156000000000002,0.0027769999999999948,0
252,253,2,1,0.64256,0.845251,0.699219,0.84375,0.05667887862334612,0.007813,0.004165999999999996,0
252,253,3,2,0.264068,0.714685,0.120703,0.706944,0.14357383572921636,0.015625,0.004166999999999997,0
253,254,0,0,0.551264,0.7566,0.562109,0.754861,0.01098353977550043,0.010936999999999999,0.0013890000000000013,0
253,254,1,3,0.58857,0.628138,0.619531,0.618056,0.0325611769596862,0.010156000000000002,0.0027769999999999948,0
253,254,2,1,0.640997,0.837806,0.699219,0.84375,0.05852463088307349,0.007813,0.004165999999999996,0
253,254,3,2,0.253362,0.700704,0.101953,0.688889,0.151869284274339,0.015625,0.004166999999999997,0
254,255,0,0,0.551374,0.757176,0.562109,0.754861,0.010981778089180208,0.010936999999999999,0.0013890000000000013,0
254,255,1,3,0.588578,0.628938,0.619531,0.618056,0.032810152895102446,0.010156000000000002,0.0027769999999999948,0
254,255,2,1,0.640951,0.83843,0.699219,0.84375,0.0585103599715469,0.007813,0.004165999999999996,0
254,255,3,2,0.244125,0.695099,0.087891,0.683333,0.15667642296146542,0.015625,0.004166999999999997,0
255,256,0,0,0.551027,0.758673,0.562109,0.754861,0.011719303221608298,0.010936999999999999,0.0013890000000000013,0
255,256,1,3,0.588216,0.630169,0.619531,0.618056,0.033576092595774217,0.010156000000000002,0.0027769999999999948,0
255,256,2,1,0.640679,0.839568,0.699219,0.84375,0.05868918745390845,0.007813,0.004165999999999996,0
255,256,3,2,0.238433,0.681693,0.080078,0.676389,0.15844380215394988,0.015625,0.004166999999999997,0
256,257,0,0,0.549746,0.75924,0.562109,0.754861,0.013115617027040722,0.010936999999999999,0.0013890000000000013,0
256,257,1,3,0.586839,0.630738,0.619531,0.618056,0.035065652539201415,0.010156000000000002,0.0027769999999999948,0
256,257,2,1,0.639399,0.840109,0.699219,0.84375,0.05993070399219417,0.007813,0.004165999999999996,0
256,257,3,2,0.231458,0.681392,0.080078,0.676389,0.15146265021119895,0.015625,0.004166999999999997,0
257,258,0,0,0.549006,0.761183,0.562109,0.754861,0.014548412043931118,0.010936999999999999,0.0013890000000000013,0
257,258,1,3,0.586772,0.627214,0.619531,0.618056,0.03401501205350376,0.010156000000000002,0.0027769999999999948,0
257,258,2,1,0.63856,0.841778,0.699219,0.84375,0.06069104600350864,0.007813,0.004165999999999996,0
257,258,3,2,0.230544,0.683737,0.080078,0.676389,0.15064531277142346,0.015625,0.004166999999999997,0
258,259,0,0,0.550851,0.756972,0.562109,0.754861,0.011454208178656422,0.010936999999999999,0.0013890000000000013,0
258,259,1,3,0.586297,0.628387,0.619531,0.618056,0.03480270559884685,0.010156000000000002,0.0027769999999999948,0
258,259,2,1,0.638187,0.843141,0.699219,0.84375,0.061035038338646194,0.007813,0.004165999999999996,0
258,259,3,2,0.237095,0.67993,0.080078,0.676389,0.15705692270638694,0.015625,0.004166999999999997,0
259,260,0,0,0.550359,0.756699,0.562109,0.754861,0.011892886277098521,0.010936999999999999,0.0013890000000000013,0
259,260,1,3,0.585752,0.628313,0.619531,0.618056,0.03530193889859309,0.010156000000000002,0.0027769999999999948,0
259,260,2,1,0.6377,0.842798,0.699219,0.84375,0.06152636560857466,0.007813,0.004165999999999996,0
259,260,3,2,0.236568,0.680032,0.080078,0.676389,0.15653239776161357,0.015625,0.004166999999999997,0
260,261,0,0,0.549549,0.757394,0.562109,0.754861,0.012812872004355637,0.010936999999999999,0.0013890000000000013,0
260,261,1,3,0.584987,0.628958,0.619531,0.618056,0.03622349430963281,0.010156000000000002,0.0027769999999999948,0
260,261,2,1,0.637059,0.843556,0.699219,0.84375,0.062160302734140534,0.007813,0.004165999999999996,0
260,261,3,2,0.235718,0.681093,0.080078,0.676389,0.15571106966429843,0.015625,0.004166999999999997,0
261,262,0,0,0.548932,0.758886,0.562109,0.754861,0.01377802431410249,0.010936999999999999,0.0013890000000000013,0
261,262,1,3,0.584236,0.63031,0.619531,0.618056,0.03736171223324762,0.010156000000000002,0.0027769999999999948,0
261,262,2,1,0.63645,0.844711,0.699219,0.84375,0.0627763560745605,0.007813,0.004165999999999996,0
261,262,3,2,0.235048,0.682951,0.080078,0.676389,0.1551088673931958,0.015625,0.004166999999999997,0
262,263,0,0,0.55382,0.747812,0.562109,0.754861,0.010880989017547965,0.010936999999999999,0.0013890000000000013,0
262,263,1,3,0.586101,0.61622,0.619531,0.618056,0.033480379269058544,0.010156000000000002,0.0027769999999999948,0
262,263,2,1,0.640665,0.834863,0.699219,0.84375,0.05922456994356311,0.007813,0.004165999999999996,0
262,263,3,2,0.234475,0.684776,0.091797,0.688889,0.14273727072142017,0.015625,0.004166999999999997,0
263,264,0,0,0.552871,0.748232,0.562109,0.754861,0.01137032475349756,0.010936999999999999,0.0013890000000000013,0
263,264,1,3,0.584996,0.61675,0.619531,0.618056,0.03455968548757362,0.010156000000000002,0.0027769999999999948,0
263,264,2,1,0.639636,0.835219,0.699219,0.84375,0.06019062925406251,0.007813,0.004165999999999996,0
263,264,3,2,0.233208,0.685634,0.091797,0.688889,0.1414484568526642,0.015625,0.004166999999999997,0
